[2025-04-11T15:27:58.164+0000] {manager.py:483} INFO - Processing files using up to 2 processes at a time 
[2025-04-11T15:27:58.166+0000] {manager.py:484} INFO - Process each file at most once every 30 seconds
[2025-04-11T15:27:58.166+0000] {manager.py:485} INFO - Checking for new files in /opt/airflow/dags every 300 seconds
[2025-04-11T15:27:58.167+0000] {manager.py:821} INFO - Searching for files in /opt/airflow/dags
[2025-04-11T15:27:58.170+0000] {manager.py:824} INFO - There are 0 files in /opt/airflow/dags
[2025-04-11T15:32:58.298+0000] {manager.py:821} INFO - Searching for files in /opt/airflow/dags
[2025-04-11T15:32:58.358+0000] {manager.py:824} INFO - There are 0 files in /opt/airflow/dags
[2025-04-11T15:37:58.450+0000] {manager.py:821} INFO - Searching for files in /opt/airflow/dags
[2025-04-11T15:37:58.456+0000] {manager.py:824} INFO - There are 0 files in /opt/airflow/dags
[2025-04-11T15:42:59.385+0000] {manager.py:821} INFO - Searching for files in /opt/airflow/dags
[2025-04-11T15:42:59.394+0000] {manager.py:824} INFO - There are 0 files in /opt/airflow/dags
[2025-04-11T15:47:59.443+0000] {manager.py:821} INFO - Searching for files in /opt/airflow/dags
[2025-04-11T15:47:59.449+0000] {manager.py:824} INFO - There are 0 files in /opt/airflow/dags
[2025-04-11T15:53:00.313+0000] {manager.py:821} INFO - Searching for files in /opt/airflow/dags
[2025-04-11T15:53:00.318+0000] {manager.py:824} INFO - There are 1 files in /opt/airflow/dags
[2025-04-11T15:53:08.497+0000] {manager.py:997} INFO - 
================================================================================
DAG File Processing Stats

File Path                                 PID    Runtime      # DAGs    # Errors  Last Runtime    Last Run               Last # of DB Queries
----------------------------------------  -----  ---------  --------  ----------  --------------  -------------------  ----------------------
/opt/airflow/dags/driven_data_pipline.py                           1           0  0.63s           2025-04-11T15:53:01                      45
================================================================================
[2025-04-11T15:53:38.677+0000] {manager.py:997} INFO - 
================================================================================
DAG File Processing Stats

File Path                                 PID    Runtime      # DAGs    # Errors  Last Runtime    Last Run               Last # of DB Queries
----------------------------------------  -----  ---------  --------  ----------  --------------  -------------------  ----------------------
/opt/airflow/dags/driven_data_pipline.py                           1           0  0.36s           2025-04-11T15:53:31                      12
================================================================================
[2025-04-11T15:54:09.066+0000] {manager.py:997} INFO - 
================================================================================
DAG File Processing Stats

File Path                                 PID    Runtime      # DAGs    # Errors  Last Runtime    Last Run               Last # of DB Queries
----------------------------------------  -----  ---------  --------  ----------  --------------  -------------------  ----------------------
/opt/airflow/dags/driven_data_pipline.py                           1           0  0.20s           2025-04-11T15:54:02                      12
================================================================================
[2025-04-11T15:54:39.450+0000] {manager.py:997} INFO - 
================================================================================
DAG File Processing Stats

File Path                                 PID    Runtime      # DAGs    # Errors  Last Runtime    Last Run               Last # of DB Queries
----------------------------------------  -----  ---------  --------  ----------  --------------  -------------------  ----------------------
/opt/airflow/dags/driven_data_pipline.py                           1           0  0.27s           2025-04-11T15:54:32                      12
================================================================================
[2025-04-11T15:55:09.777+0000] {manager.py:997} INFO - 
================================================================================
DAG File Processing Stats

File Path                                 PID    Runtime      # DAGs    # Errors  Last Runtime    Last Run               Last # of DB Queries
----------------------------------------  -----  ---------  --------  ----------  --------------  -------------------  ----------------------
/opt/airflow/dags/driven_data_pipline.py                           1           0  0.22s           2025-04-11T15:55:02                      12
================================================================================
[2025-04-11T15:55:40.135+0000] {manager.py:997} INFO - 
================================================================================
DAG File Processing Stats

File Path                                 PID    Runtime      # DAGs    # Errors  Last Runtime    Last Run               Last # of DB Queries
----------------------------------------  -----  ---------  --------  ----------  --------------  -------------------  ----------------------
/opt/airflow/dags/driven_data_pipline.py                           1           0  0.22s           2025-04-11T15:55:33                      12
================================================================================
[2025-04-11T15:56:10.397+0000] {manager.py:997} INFO - 
================================================================================
DAG File Processing Stats

File Path                                 PID    Runtime      # DAGs    # Errors  Last Runtime    Last Run               Last # of DB Queries
----------------------------------------  -----  ---------  --------  ----------  --------------  -------------------  ----------------------
/opt/airflow/dags/driven_data_pipline.py                           1           0  0.22s           2025-04-11T15:56:03                      12
================================================================================
[2025-04-11T15:56:40.780+0000] {manager.py:997} INFO - 
================================================================================
DAG File Processing Stats

File Path                                 PID    Runtime      # DAGs    # Errors  Last Runtime    Last Run               Last # of DB Queries
----------------------------------------  -----  ---------  --------  ----------  --------------  -------------------  ----------------------
/opt/airflow/dags/driven_data_pipline.py                           1           0  0.23s           2025-04-11T15:56:33                      12
================================================================================
[2025-04-11T15:57:11.117+0000] {manager.py:997} INFO - 
================================================================================
DAG File Processing Stats

File Path                                 PID    Runtime      # DAGs    # Errors  Last Runtime    Last Run               Last # of DB Queries
----------------------------------------  -----  ---------  --------  ----------  --------------  -------------------  ----------------------
/opt/airflow/dags/driven_data_pipline.py                           1           0  0.27s           2025-04-11T15:57:04                      12
================================================================================
[2025-04-11T15:57:41.446+0000] {manager.py:997} INFO - 
================================================================================
DAG File Processing Stats

File Path                                 PID    Runtime      # DAGs    # Errors  Last Runtime    Last Run               Last # of DB Queries
----------------------------------------  -----  ---------  --------  ----------  --------------  -------------------  ----------------------
/opt/airflow/dags/driven_data_pipline.py                           1           0  0.23s           2025-04-11T15:57:34                      12
================================================================================
[2025-04-11T15:58:00.584+0000] {manager.py:821} INFO - Searching for files in /opt/airflow/dags
[2025-04-11T15:58:00.593+0000] {manager.py:824} INFO - There are 1 files in /opt/airflow/dags
[2025-04-11T15:58:11.742+0000] {manager.py:997} INFO - 
================================================================================
DAG File Processing Stats

File Path                                 PID    Runtime      # DAGs    # Errors  Last Runtime    Last Run               Last # of DB Queries
----------------------------------------  -----  ---------  --------  ----------  --------------  -------------------  ----------------------
/opt/airflow/dags/driven_data_pipline.py                           1           0  0.23s           2025-04-11T15:58:04                      12
================================================================================
[2025-04-11T15:58:42.109+0000] {manager.py:997} INFO - 
================================================================================
DAG File Processing Stats

File Path                                 PID    Runtime      # DAGs    # Errors  Last Runtime    Last Run               Last # of DB Queries
----------------------------------------  -----  ---------  --------  ----------  --------------  -------------------  ----------------------
/opt/airflow/dags/driven_data_pipline.py                           1           0  0.22s           2025-04-11T15:58:35                      12
================================================================================
[2025-04-11T15:59:12.429+0000] {manager.py:997} INFO - 
================================================================================
DAG File Processing Stats

File Path                                 PID    Runtime      # DAGs    # Errors  Last Runtime    Last Run               Last # of DB Queries
----------------------------------------  -----  ---------  --------  ----------  --------------  -------------------  ----------------------
/opt/airflow/dags/driven_data_pipline.py                           1           0  0.23s           2025-04-11T15:59:05                      12
================================================================================
[2025-04-11T15:59:42.807+0000] {manager.py:997} INFO - 
================================================================================
DAG File Processing Stats

File Path                                 PID    Runtime      # DAGs    # Errors  Last Runtime    Last Run               Last # of DB Queries
----------------------------------------  -----  ---------  --------  ----------  --------------  -------------------  ----------------------
/opt/airflow/dags/driven_data_pipline.py                           1           0  0.22s           2025-04-11T15:59:35                      12
================================================================================
[2025-04-11T16:00:13.064+0000] {manager.py:997} INFO - 
================================================================================
DAG File Processing Stats

File Path                                 PID    Runtime      # DAGs    # Errors  Last Runtime    Last Run               Last # of DB Queries
----------------------------------------  -----  ---------  --------  ----------  --------------  -------------------  ----------------------
/opt/airflow/dags/driven_data_pipline.py                           1           0  0.24s           2025-04-11T15:59:44                      12
================================================================================
[2025-04-11T16:00:43.517+0000] {manager.py:997} INFO - 
================================================================================
DAG File Processing Stats

File Path                                 PID    Runtime      # DAGs    # Errors  Last Runtime    Last Run               Last # of DB Queries
----------------------------------------  -----  ---------  --------  ----------  --------------  -------------------  ----------------------
/opt/airflow/dags/driven_data_pipline.py                           1           0  0.23s           2025-04-11T16:00:14                      12
================================================================================
[2025-04-11T16:01:13.940+0000] {manager.py:997} INFO - 
================================================================================
DAG File Processing Stats

File Path                                 PID    Runtime      # DAGs    # Errors  Last Runtime    Last Run               Last # of DB Queries
----------------------------------------  -----  ---------  --------  ----------  --------------  -------------------  ----------------------
/opt/airflow/dags/driven_data_pipline.py                           1           0  0.22s           2025-04-11T16:00:44                      12
================================================================================
[2025-04-11T16:01:44.199+0000] {manager.py:997} INFO - 
================================================================================
DAG File Processing Stats

File Path                                 PID    Runtime      # DAGs    # Errors  Last Runtime    Last Run               Last # of DB Queries
----------------------------------------  -----  ---------  --------  ----------  --------------  -------------------  ----------------------
/opt/airflow/dags/driven_data_pipline.py                           1           0  0.21s           2025-04-11T16:01:15                      12
================================================================================
[2025-04-11T16:02:14.589+0000] {manager.py:997} INFO - 
================================================================================
DAG File Processing Stats

File Path                                 PID    Runtime      # DAGs    # Errors  Last Runtime    Last Run               Last # of DB Queries
----------------------------------------  -----  ---------  --------  ----------  --------------  -------------------  ----------------------
/opt/airflow/dags/driven_data_pipline.py                           1           0  0.20s           2025-04-11T16:01:45                      12
================================================================================
[2025-04-11T16:02:44.851+0000] {manager.py:997} INFO - 
================================================================================
DAG File Processing Stats

File Path                                 PID    Runtime      # DAGs    # Errors  Last Runtime    Last Run               Last # of DB Queries
----------------------------------------  -----  ---------  --------  ----------  --------------  -------------------  ----------------------
/opt/airflow/dags/driven_data_pipline.py                           1           0  0.21s           2025-04-11T16:02:15                      12
================================================================================
[2025-04-11T16:03:01.165+0000] {manager.py:821} INFO - Searching for files in /opt/airflow/dags
[2025-04-11T16:03:01.182+0000] {manager.py:824} INFO - There are 1 files in /opt/airflow/dags
[2025-04-11T16:03:15.286+0000] {manager.py:997} INFO - 
================================================================================
DAG File Processing Stats

File Path                                 PID    Runtime      # DAGs    # Errors  Last Runtime    Last Run               Last # of DB Queries
----------------------------------------  -----  ---------  --------  ----------  --------------  -------------------  ----------------------
/opt/airflow/dags/driven_data_pipline.py                           1           0  0.21s           2025-04-11T16:02:46                      12
================================================================================
[2025-04-11T16:03:45.512+0000] {manager.py:997} INFO - 
================================================================================
DAG File Processing Stats

File Path                                 PID    Runtime      # DAGs    # Errors  Last Runtime    Last Run               Last # of DB Queries
----------------------------------------  -----  ---------  --------  ----------  --------------  -------------------  ----------------------
/opt/airflow/dags/driven_data_pipline.py                           1           0  0.24s           2025-04-11T16:03:16                      12
================================================================================
[2025-04-11T16:04:15.923+0000] {manager.py:997} INFO - 
================================================================================
DAG File Processing Stats

File Path                                 PID    Runtime      # DAGs    # Errors  Last Runtime    Last Run               Last # of DB Queries
----------------------------------------  -----  ---------  --------  ----------  --------------  -------------------  ----------------------
/opt/airflow/dags/driven_data_pipline.py                           1           0  0.24s           2025-04-11T16:03:46                      12
================================================================================
[2025-04-11T16:04:46.381+0000] {manager.py:997} INFO - 
================================================================================
DAG File Processing Stats

File Path                                 PID    Runtime      # DAGs    # Errors  Last Runtime    Last Run               Last # of DB Queries
----------------------------------------  -----  ---------  --------  ----------  --------------  -------------------  ----------------------
/opt/airflow/dags/driven_data_pipline.py                           1           0  0.28s           2025-04-11T16:04:17                      12
================================================================================
[2025-04-11T16:05:16.900+0000] {manager.py:997} INFO - 
================================================================================
DAG File Processing Stats

File Path                                 PID    Runtime      # DAGs    # Errors  Last Runtime    Last Run               Last # of DB Queries
----------------------------------------  -----  ---------  --------  ----------  --------------  -------------------  ----------------------
/opt/airflow/dags/driven_data_pipline.py                           1           0  0.23s           2025-04-11T16:04:47                      12
================================================================================
[2025-04-11T16:05:47.071+0000] {manager.py:997} INFO - 
================================================================================
DAG File Processing Stats

File Path                                 PID    Runtime      # DAGs    # Errors  Last Runtime    Last Run               Last # of DB Queries
----------------------------------------  -----  ---------  --------  ----------  --------------  -------------------  ----------------------
/opt/airflow/dags/driven_data_pipline.py                           1           0  0.40s           2025-04-11T16:05:26                      34
================================================================================
[2025-04-11T16:06:17.335+0000] {manager.py:997} INFO - 
================================================================================
DAG File Processing Stats

File Path                                 PID    Runtime      # DAGs    # Errors  Last Runtime    Last Run               Last # of DB Queries
----------------------------------------  -----  ---------  --------  ----------  --------------  -------------------  ----------------------
/opt/airflow/dags/driven_data_pipline.py                           1           0  0.24s           2025-04-11T16:05:57                      12
================================================================================
[2025-04-11T16:06:47.715+0000] {manager.py:997} INFO - 
================================================================================
DAG File Processing Stats

File Path                                 PID    Runtime      # DAGs    # Errors  Last Runtime    Last Run               Last # of DB Queries
----------------------------------------  -----  ---------  --------  ----------  --------------  -------------------  ----------------------
/opt/airflow/dags/driven_data_pipline.py                           1           0  0.28s           2025-04-11T16:06:27                      12
================================================================================
[2025-04-11T16:07:17.970+0000] {manager.py:997} INFO - 
================================================================================
DAG File Processing Stats

File Path                                 PID    Runtime      # DAGs    # Errors  Last Runtime    Last Run               Last # of DB Queries
----------------------------------------  -----  ---------  --------  ----------  --------------  -------------------  ----------------------
/opt/airflow/dags/driven_data_pipline.py                           1           0  0.27s           2025-04-11T16:06:58                      12
================================================================================
[2025-04-11T16:07:48.393+0000] {manager.py:997} INFO - 
================================================================================
DAG File Processing Stats

File Path                                 PID    Runtime      # DAGs    # Errors  Last Runtime    Last Run               Last # of DB Queries
----------------------------------------  -----  ---------  --------  ----------  --------------  -------------------  ----------------------
/opt/airflow/dags/driven_data_pipline.py                           1           0  0.24s           2025-04-11T16:07:28                      12
================================================================================
[2025-04-11T16:08:01.719+0000] {manager.py:821} INFO - Searching for files in /opt/airflow/dags
[2025-04-11T16:08:01.729+0000] {manager.py:824} INFO - There are 1 files in /opt/airflow/dags
[2025-04-11T16:08:18.874+0000] {manager.py:997} INFO - 
================================================================================
DAG File Processing Stats

File Path                                 PID    Runtime      # DAGs    # Errors  Last Runtime    Last Run               Last # of DB Queries
----------------------------------------  -----  ---------  --------  ----------  --------------  -------------------  ----------------------
/opt/airflow/dags/driven_data_pipline.py                           1           0  0.31s           2025-04-11T16:07:59                      12
================================================================================
[2025-04-11T16:08:49.360+0000] {manager.py:997} INFO - 
================================================================================
DAG File Processing Stats

File Path                                 PID    Runtime      # DAGs    # Errors  Last Runtime    Last Run               Last # of DB Queries
----------------------------------------  -----  ---------  --------  ----------  --------------  -------------------  ----------------------
/opt/airflow/dags/driven_data_pipline.py                           1           0  0.31s           2025-04-11T16:08:29                      12
================================================================================
[2025-04-11T16:09:19.899+0000] {manager.py:997} INFO - 
================================================================================
DAG File Processing Stats

File Path                                 PID    Runtime      # DAGs    # Errors  Last Runtime    Last Run               Last # of DB Queries
----------------------------------------  -----  ---------  --------  ----------  --------------  -------------------  ----------------------
/opt/airflow/dags/driven_data_pipline.py                           1           0  0.21s           2025-04-11T16:08:59                      12
================================================================================
[2025-04-11T16:09:50.306+0000] {manager.py:997} INFO - 
================================================================================
DAG File Processing Stats

File Path                                 PID    Runtime      # DAGs    # Errors  Last Runtime    Last Run               Last # of DB Queries
----------------------------------------  -----  ---------  --------  ----------  --------------  -------------------  ----------------------
/opt/airflow/dags/driven_data_pipline.py                           1           0  0.21s           2025-04-11T16:09:30                      12
================================================================================
[2025-04-11T16:10:20.799+0000] {manager.py:997} INFO - 
================================================================================
DAG File Processing Stats

File Path                                 PID    Runtime      # DAGs    # Errors  Last Runtime    Last Run               Last # of DB Queries
----------------------------------------  -----  ---------  --------  ----------  --------------  -------------------  ----------------------
/opt/airflow/dags/driven_data_pipline.py                           1           0  0.30s           2025-04-11T16:10:05                      12
================================================================================
[2025-04-11T16:10:51.325+0000] {manager.py:997} INFO - 
================================================================================
DAG File Processing Stats

File Path                                 PID    Runtime      # DAGs    # Errors  Last Runtime    Last Run               Last # of DB Queries
----------------------------------------  -----  ---------  --------  ----------  --------------  -------------------  ----------------------
/opt/airflow/dags/driven_data_pipline.py                           1           0  0.21s           2025-04-11T16:10:36                      12
================================================================================
[2025-04-11T16:11:21.749+0000] {manager.py:997} INFO - 
================================================================================
DAG File Processing Stats

File Path                                 PID    Runtime      # DAGs    # Errors  Last Runtime    Last Run               Last # of DB Queries
----------------------------------------  -----  ---------  --------  ----------  --------------  -------------------  ----------------------
/opt/airflow/dags/driven_data_pipline.py                           1           0  0.25s           2025-04-11T16:10:56                      12
================================================================================
[2025-04-11T16:11:52.188+0000] {manager.py:997} INFO - 
================================================================================
DAG File Processing Stats

File Path                                 PID    Runtime      # DAGs    # Errors  Last Runtime    Last Run               Last # of DB Queries
----------------------------------------  -----  ---------  --------  ----------  --------------  -------------------  ----------------------
/opt/airflow/dags/driven_data_pipline.py                           1           0  0.37s           2025-04-11T16:11:37                      34
================================================================================
[2025-04-11T16:12:22.566+0000] {manager.py:997} INFO - 
================================================================================
DAG File Processing Stats

File Path                                 PID    Runtime      # DAGs    # Errors  Last Runtime    Last Run               Last # of DB Queries
----------------------------------------  -----  ---------  --------  ----------  --------------  -------------------  ----------------------
/opt/airflow/dags/driven_data_pipline.py                           1           0  0.22s           2025-04-11T16:12:07                      12
================================================================================
[2025-04-11T16:12:52.975+0000] {manager.py:997} INFO - 
================================================================================
DAG File Processing Stats

File Path                                 PID    Runtime      # DAGs    # Errors  Last Runtime    Last Run               Last # of DB Queries
----------------------------------------  -----  ---------  --------  ----------  --------------  -------------------  ----------------------
/opt/airflow/dags/driven_data_pipline.py                           1           0  0.21s           2025-04-11T16:12:37                      12
================================================================================
[2025-04-11T16:13:02.041+0000] {manager.py:821} INFO - Searching for files in /opt/airflow/dags
[2025-04-11T16:13:02.056+0000] {manager.py:824} INFO - There are 1 files in /opt/airflow/dags
[2025-04-11T16:13:23.236+0000] {manager.py:997} INFO - 
================================================================================
DAG File Processing Stats

File Path                                 PID    Runtime      # DAGs    # Errors  Last Runtime    Last Run               Last # of DB Queries
----------------------------------------  -----  ---------  --------  ----------  --------------  -------------------  ----------------------
/opt/airflow/dags/driven_data_pipline.py                           1           0  0.23s           2025-04-11T16:13:08                      12
================================================================================
[2025-04-11T16:13:53.635+0000] {manager.py:997} INFO - 
================================================================================
DAG File Processing Stats

File Path                                 PID    Runtime      # DAGs    # Errors  Last Runtime    Last Run               Last # of DB Queries
----------------------------------------  -----  ---------  --------  ----------  --------------  -------------------  ----------------------
/opt/airflow/dags/driven_data_pipline.py                           1           0  0.25s           2025-04-11T16:13:38                      12
================================================================================
[2025-04-11T16:14:24.078+0000] {manager.py:997} INFO - 
================================================================================
DAG File Processing Stats

File Path                                 PID    Runtime      # DAGs    # Errors  Last Runtime    Last Run               Last # of DB Queries
----------------------------------------  -----  ---------  --------  ----------  --------------  -------------------  ----------------------
/opt/airflow/dags/driven_data_pipline.py                           1           0  0.28s           2025-04-11T16:14:09                      12
================================================================================
[2025-04-11T16:14:54.547+0000] {manager.py:997} INFO - 
================================================================================
DAG File Processing Stats

File Path                                 PID    Runtime      # DAGs    # Errors  Last Runtime    Last Run               Last # of DB Queries
----------------------------------------  -----  ---------  --------  ----------  --------------  -------------------  ----------------------
/opt/airflow/dags/driven_data_pipline.py                           1           0  0.28s           2025-04-11T16:14:39                      12
================================================================================
[2025-04-11T16:15:25.006+0000] {manager.py:997} INFO - 
================================================================================
DAG File Processing Stats

File Path                                 PID    Runtime      # DAGs    # Errors  Last Runtime    Last Run               Last # of DB Queries
----------------------------------------  -----  ---------  --------  ----------  --------------  -------------------  ----------------------
/opt/airflow/dags/driven_data_pipline.py                           1           0  0.24s           2025-04-11T16:15:10                      12
================================================================================
[2025-04-11T16:15:55.480+0000] {manager.py:997} INFO - 
================================================================================
DAG File Processing Stats

File Path                                 PID    Runtime      # DAGs    # Errors  Last Runtime    Last Run               Last # of DB Queries
----------------------------------------  -----  ---------  --------  ----------  --------------  -------------------  ----------------------
/opt/airflow/dags/driven_data_pipline.py                           1           0  0.25s           2025-04-11T16:15:40                      12
================================================================================
[2025-04-11T16:16:25.962+0000] {manager.py:997} INFO - 
================================================================================
DAG File Processing Stats

File Path                                 PID    Runtime      # DAGs    # Errors  Last Runtime    Last Run               Last # of DB Queries
----------------------------------------  -----  ---------  --------  ----------  --------------  -------------------  ----------------------
/opt/airflow/dags/driven_data_pipline.py                           1           0  0.24s           2025-04-11T16:16:11                      12
================================================================================
[2025-04-11T16:16:56.459+0000] {manager.py:997} INFO - 
================================================================================
DAG File Processing Stats

File Path                                 PID    Runtime      # DAGs    # Errors  Last Runtime    Last Run               Last # of DB Queries
----------------------------------------  -----  ---------  --------  ----------  --------------  -------------------  ----------------------
/opt/airflow/dags/driven_data_pipline.py                           1           0  0.26s           2025-04-11T16:16:41                      12
================================================================================
[2025-04-11T16:17:26.721+0000] {manager.py:997} INFO - 
================================================================================
DAG File Processing Stats

File Path                                 PID    Runtime      # DAGs    # Errors  Last Runtime    Last Run               Last # of DB Queries
----------------------------------------  -----  ---------  --------  ----------  --------------  -------------------  ----------------------
/opt/airflow/dags/driven_data_pipline.py                           1           0  0.27s           2025-04-11T16:17:11                      12
================================================================================
[2025-04-11T16:17:57.214+0000] {manager.py:997} INFO - 
================================================================================
DAG File Processing Stats

File Path                                 PID    Runtime      # DAGs    # Errors  Last Runtime    Last Run               Last # of DB Queries
----------------------------------------  -----  ---------  --------  ----------  --------------  -------------------  ----------------------
/opt/airflow/dags/driven_data_pipline.py                           1           0  0.22s           2025-04-11T16:17:42                      12
================================================================================
[2025-04-11T16:18:02.256+0000] {manager.py:821} INFO - Searching for files in /opt/airflow/dags
[2025-04-11T16:18:02.267+0000] {manager.py:824} INFO - There are 1 files in /opt/airflow/dags
[2025-04-11T16:18:27.619+0000] {manager.py:997} INFO - 
================================================================================
DAG File Processing Stats

File Path                                 PID    Runtime      # DAGs    # Errors  Last Runtime    Last Run               Last # of DB Queries
----------------------------------------  -----  ---------  --------  ----------  --------------  -------------------  ----------------------
/opt/airflow/dags/driven_data_pipline.py                           1           0  0.34s           2025-04-11T16:18:12                      12
================================================================================
[2025-04-11T16:18:57.968+0000] {manager.py:997} INFO - 
================================================================================
DAG File Processing Stats

File Path                                 PID    Runtime      # DAGs    # Errors  Last Runtime    Last Run               Last # of DB Queries
----------------------------------------  -----  ---------  --------  ----------  --------------  -------------------  ----------------------
/opt/airflow/dags/driven_data_pipline.py                           1           0  0.23s           2025-04-11T16:18:42                      12
================================================================================
[2025-04-11T16:19:28.251+0000] {manager.py:997} INFO - 
================================================================================
DAG File Processing Stats

File Path                                 PID    Runtime      # DAGs    # Errors  Last Runtime    Last Run               Last # of DB Queries
----------------------------------------  -----  ---------  --------  ----------  --------------  -------------------  ----------------------
/opt/airflow/dags/driven_data_pipline.py                           1           0  0.28s           2025-04-11T16:19:04                      12
================================================================================
[2025-04-11T16:19:58.664+0000] {manager.py:997} INFO - 
================================================================================
DAG File Processing Stats

File Path                                 PID    Runtime      # DAGs    # Errors  Last Runtime    Last Run               Last # of DB Queries
----------------------------------------  -----  ---------  --------  ----------  --------------  -------------------  ----------------------
/opt/airflow/dags/driven_data_pipline.py                           1           0  0.22s           2025-04-11T16:19:34                      12
================================================================================
[2025-04-11T16:20:29.068+0000] {manager.py:997} INFO - 
================================================================================
DAG File Processing Stats

File Path                                 PID    Runtime      # DAGs    # Errors  Last Runtime    Last Run               Last # of DB Queries
----------------------------------------  -----  ---------  --------  ----------  --------------  -------------------  ----------------------
/opt/airflow/dags/driven_data_pipline.py                           1           0  0.23s           2025-04-11T16:20:05                      12
================================================================================
[2025-04-11T16:20:59.524+0000] {manager.py:997} INFO - 
================================================================================
DAG File Processing Stats

File Path                                 PID    Runtime      # DAGs    # Errors  Last Runtime    Last Run               Last # of DB Queries
----------------------------------------  -----  ---------  --------  ----------  --------------  -------------------  ----------------------
/opt/airflow/dags/driven_data_pipline.py                           1           0  0.22s           2025-04-11T16:20:35                      12
================================================================================
[2025-04-11T16:21:29.988+0000] {manager.py:997} INFO - 
================================================================================
DAG File Processing Stats

File Path                                 PID    Runtime      # DAGs    # Errors  Last Runtime    Last Run               Last # of DB Queries
----------------------------------------  -----  ---------  --------  ----------  --------------  -------------------  ----------------------
/opt/airflow/dags/driven_data_pipline.py                           1           0  0.27s           2025-04-11T16:21:05                      12
================================================================================
[2025-04-11T16:22:00.303+0000] {manager.py:997} INFO - 
================================================================================
DAG File Processing Stats

File Path                                 PID    Runtime      # DAGs    # Errors  Last Runtime    Last Run               Last # of DB Queries
----------------------------------------  -----  ---------  --------  ----------  --------------  -------------------  ----------------------
/opt/airflow/dags/driven_data_pipline.py                           1           0  0.22s           2025-04-11T16:21:36                      12
================================================================================
[2025-04-11T16:22:30.689+0000] {manager.py:997} INFO - 
================================================================================
DAG File Processing Stats

File Path                                 PID    Runtime      # DAGs    # Errors  Last Runtime    Last Run               Last # of DB Queries
----------------------------------------  -----  ---------  --------  ----------  --------------  -------------------  ----------------------
/opt/airflow/dags/driven_data_pipline.py                           1           0  0.24s           2025-04-11T16:22:06                      12
================================================================================
[2025-04-11T16:23:00.963+0000] {manager.py:997} INFO - 
================================================================================
DAG File Processing Stats

File Path                                 PID    Runtime      # DAGs    # Errors  Last Runtime    Last Run               Last # of DB Queries
----------------------------------------  -----  ---------  --------  ----------  --------------  -------------------  ----------------------
/opt/airflow/dags/driven_data_pipline.py                           1           0  0.22s           2025-04-11T16:22:36                      12
================================================================================
[2025-04-11T16:23:02.971+0000] {manager.py:821} INFO - Searching for files in /opt/airflow/dags
[2025-04-11T16:23:02.983+0000] {manager.py:824} INFO - There are 1 files in /opt/airflow/dags
[2025-04-11T16:23:31.396+0000] {manager.py:997} INFO - 
================================================================================
DAG File Processing Stats

File Path                                 PID    Runtime      # DAGs    # Errors  Last Runtime    Last Run               Last # of DB Queries
----------------------------------------  -----  ---------  --------  ----------  --------------  -------------------  ----------------------
/opt/airflow/dags/driven_data_pipline.py                           1           0  0.22s           2025-04-11T16:23:07                      12
================================================================================
[2025-04-11T16:24:01.619+0000] {manager.py:997} INFO - 
================================================================================
DAG File Processing Stats

File Path                                 PID    Runtime      # DAGs    # Errors  Last Runtime    Last Run               Last # of DB Queries
----------------------------------------  -----  ---------  --------  ----------  --------------  -------------------  ----------------------
/opt/airflow/dags/driven_data_pipline.py                           1           0  0.38s           2025-04-11T16:23:34                      12
================================================================================
[2025-04-11T16:24:32.176+0000] {manager.py:997} INFO - 
================================================================================
DAG File Processing Stats

File Path                                 PID    Runtime      # DAGs    # Errors  Last Runtime    Last Run               Last # of DB Queries
----------------------------------------  -----  ---------  --------  ----------  --------------  -------------------  ----------------------
/opt/airflow/dags/driven_data_pipline.py                           1           0  0.25s           2025-04-11T16:24:05                      12
================================================================================
[2025-04-11T16:25:02.874+0000] {manager.py:997} INFO - 
================================================================================
DAG File Processing Stats

File Path                                 PID    Runtime      # DAGs    # Errors  Last Runtime    Last Run               Last # of DB Queries
----------------------------------------  -----  ---------  --------  ----------  --------------  -------------------  ----------------------
/opt/airflow/dags/driven_data_pipline.py                           1           0  0.31s           2025-04-11T16:24:51                      12
================================================================================
[2025-04-11T16:25:33.404+0000] {manager.py:997} INFO - 
================================================================================
DAG File Processing Stats

File Path                                 PID    Runtime      # DAGs    # Errors  Last Runtime    Last Run               Last # of DB Queries
----------------------------------------  -----  ---------  --------  ----------  --------------  -------------------  ----------------------
/opt/airflow/dags/driven_data_pipline.py                           1           0  0.23s           2025-04-11T16:25:21                      12
================================================================================
[2025-04-11T16:26:03.831+0000] {manager.py:997} INFO - 
================================================================================
DAG File Processing Stats

File Path                                 PID    Runtime      # DAGs    # Errors  Last Runtime    Last Run               Last # of DB Queries
----------------------------------------  -----  ---------  --------  ----------  --------------  -------------------  ----------------------
/opt/airflow/dags/driven_data_pipline.py                           1           0  0.22s           2025-04-11T16:25:51                      12
================================================================================
[2025-04-11T16:26:34.028+0000] {manager.py:997} INFO - 
================================================================================
DAG File Processing Stats

File Path                                 PID    Runtime      # DAGs    # Errors  Last Runtime    Last Run               Last # of DB Queries
----------------------------------------  -----  ---------  --------  ----------  --------------  -------------------  ----------------------
/opt/airflow/dags/driven_data_pipline.py                           1           0  0.22s           2025-04-11T16:26:22                      12
================================================================================
[2025-04-11T16:27:04.466+0000] {manager.py:997} INFO - 
================================================================================
DAG File Processing Stats

File Path                                 PID    Runtime      # DAGs    # Errors  Last Runtime    Last Run               Last # of DB Queries
----------------------------------------  -----  ---------  --------  ----------  --------------  -------------------  ----------------------
/opt/airflow/dags/driven_data_pipline.py                           1           0  0.21s           2025-04-11T16:26:52                      12
================================================================================
[2025-04-11T16:27:34.871+0000] {manager.py:997} INFO - 
================================================================================
DAG File Processing Stats

File Path                                 PID    Runtime      # DAGs    # Errors  Last Runtime    Last Run               Last # of DB Queries
----------------------------------------  -----  ---------  --------  ----------  --------------  -------------------  ----------------------
/opt/airflow/dags/driven_data_pipline.py                           1           0  0.25s           2025-04-11T16:27:23                      12
================================================================================
[2025-04-11T16:28:03.305+0000] {manager.py:821} INFO - Searching for files in /opt/airflow/dags
[2025-04-11T16:28:03.318+0000] {manager.py:824} INFO - There are 1 files in /opt/airflow/dags
[2025-04-11T16:28:05.345+0000] {manager.py:997} INFO - 
================================================================================
DAG File Processing Stats

File Path                                 PID    Runtime      # DAGs    # Errors  Last Runtime    Last Run               Last # of DB Queries
----------------------------------------  -----  ---------  --------  ----------  --------------  -------------------  ----------------------
/opt/airflow/dags/driven_data_pipline.py                           1           0  0.24s           2025-04-11T16:27:53                      12
================================================================================
[2025-04-11T16:28:35.748+0000] {manager.py:997} INFO - 
================================================================================
DAG File Processing Stats

File Path                                 PID    Runtime      # DAGs    # Errors  Last Runtime    Last Run               Last # of DB Queries
----------------------------------------  -----  ---------  --------  ----------  --------------  -------------------  ----------------------
/opt/airflow/dags/driven_data_pipline.py                           1           0  0.25s           2025-04-11T16:28:23                      12
================================================================================
[2025-04-11T16:29:06.080+0000] {manager.py:997} INFO - 
================================================================================
DAG File Processing Stats

File Path                                 PID    Runtime      # DAGs    # Errors  Last Runtime    Last Run               Last # of DB Queries
----------------------------------------  -----  ---------  --------  ----------  --------------  -------------------  ----------------------
/opt/airflow/dags/driven_data_pipline.py                           1           0  0.24s           2025-04-11T16:28:54                      12
================================================================================
[2025-04-11T16:29:36.457+0000] {manager.py:997} INFO - 
================================================================================
DAG File Processing Stats

File Path                                 PID    Runtime      # DAGs    # Errors  Last Runtime    Last Run               Last # of DB Queries
----------------------------------------  -----  ---------  --------  ----------  --------------  -------------------  ----------------------
/opt/airflow/dags/driven_data_pipline.py                           1           0  0.22s           2025-04-11T16:29:24                      12
================================================================================
[2025-04-11T16:30:06.766+0000] {manager.py:997} INFO - 
================================================================================
DAG File Processing Stats

File Path                                 PID    Runtime      # DAGs    # Errors  Last Runtime    Last Run               Last # of DB Queries
----------------------------------------  -----  ---------  --------  ----------  --------------  -------------------  ----------------------
/opt/airflow/dags/driven_data_pipline.py                           1           0  0.22s           2025-04-11T16:29:54                      12
================================================================================
[2025-04-11T16:30:37.131+0000] {manager.py:997} INFO - 
================================================================================
DAG File Processing Stats

File Path                                 PID    Runtime      # DAGs    # Errors  Last Runtime    Last Run               Last # of DB Queries
----------------------------------------  -----  ---------  --------  ----------  --------------  -------------------  ----------------------
/opt/airflow/dags/driven_data_pipline.py                           1           0  0.23s           2025-04-11T16:30:25                      12
================================================================================
[2025-04-11T16:31:07.422+0000] {manager.py:997} INFO - 
================================================================================
DAG File Processing Stats

File Path                                 PID    Runtime      # DAGs    # Errors  Last Runtime    Last Run               Last # of DB Queries
----------------------------------------  -----  ---------  --------  ----------  --------------  -------------------  ----------------------
/opt/airflow/dags/driven_data_pipline.py                           1           0  0.21s           2025-04-11T16:30:55                      12
================================================================================
[2025-04-11T16:31:37.834+0000] {manager.py:997} INFO - 
================================================================================
DAG File Processing Stats

File Path                                 PID    Runtime      # DAGs    # Errors  Last Runtime    Last Run               Last # of DB Queries
----------------------------------------  -----  ---------  --------  ----------  --------------  -------------------  ----------------------
/opt/airflow/dags/driven_data_pipline.py                           1           0  0.21s           2025-04-11T16:31:25                      12
================================================================================
[2025-04-11T16:32:08.165+0000] {manager.py:997} INFO - 
================================================================================
DAG File Processing Stats

File Path                                 PID    Runtime      # DAGs    # Errors  Last Runtime    Last Run               Last # of DB Queries
----------------------------------------  -----  ---------  --------  ----------  --------------  -------------------  ----------------------
/opt/airflow/dags/driven_data_pipline.py                           1           0  0.27s           2025-04-11T16:31:56                      12
================================================================================
[2025-04-11T16:32:38.651+0000] {manager.py:997} INFO - 
================================================================================
DAG File Processing Stats

File Path                                 PID    Runtime      # DAGs    # Errors  Last Runtime    Last Run               Last # of DB Queries
----------------------------------------  -----  ---------  --------  ----------  --------------  -------------------  ----------------------
/opt/airflow/dags/driven_data_pipline.py                           1           0  0.22s           2025-04-11T16:32:26                      12
================================================================================
[2025-04-11T16:33:03.878+0000] {manager.py:821} INFO - Searching for files in /opt/airflow/dags
[2025-04-11T16:33:03.890+0000] {manager.py:824} INFO - There are 1 files in /opt/airflow/dags
[2025-04-11T16:33:08.967+0000] {manager.py:997} INFO - 
================================================================================
DAG File Processing Stats

File Path                                 PID    Runtime      # DAGs    # Errors  Last Runtime    Last Run               Last # of DB Queries
----------------------------------------  -----  ---------  --------  ----------  --------------  -------------------  ----------------------
/opt/airflow/dags/driven_data_pipline.py                           1           0  0.21s           2025-04-11T16:32:57                      12
================================================================================
[2025-04-11T16:33:39.368+0000] {manager.py:997} INFO - 
================================================================================
DAG File Processing Stats

File Path                                 PID    Runtime      # DAGs    # Errors  Last Runtime    Last Run               Last # of DB Queries
----------------------------------------  -----  ---------  --------  ----------  --------------  -------------------  ----------------------
/opt/airflow/dags/driven_data_pipline.py                           1           0  0.21s           2025-04-11T16:33:27                      12
================================================================================
[2025-04-11T16:34:09.673+0000] {manager.py:997} INFO - 
================================================================================
DAG File Processing Stats

File Path                                 PID    Runtime      # DAGs    # Errors  Last Runtime    Last Run               Last # of DB Queries
----------------------------------------  -----  ---------  --------  ----------  --------------  -------------------  ----------------------
/opt/airflow/dags/driven_data_pipline.py                           1           0  0.24s           2025-04-11T16:33:57                      12
================================================================================
[2025-04-11T16:34:40.062+0000] {manager.py:997} INFO - 
================================================================================
DAG File Processing Stats

File Path                                 PID    Runtime      # DAGs    # Errors  Last Runtime    Last Run               Last # of DB Queries
----------------------------------------  -----  ---------  --------  ----------  --------------  -------------------  ----------------------
/opt/airflow/dags/driven_data_pipline.py                           1           0  0.21s           2025-04-11T16:34:28                      12
================================================================================
[2025-04-11T16:35:10.408+0000] {manager.py:997} INFO - 
================================================================================
DAG File Processing Stats

File Path                                 PID    Runtime      # DAGs    # Errors  Last Runtime    Last Run               Last # of DB Queries
----------------------------------------  -----  ---------  --------  ----------  --------------  -------------------  ----------------------
/opt/airflow/dags/driven_data_pipline.py                           1           0  0.21s           2025-04-11T16:34:58                      12
================================================================================
[2025-04-11T16:35:40.814+0000] {manager.py:997} INFO - 
================================================================================
DAG File Processing Stats

File Path                                 PID    Runtime      # DAGs    # Errors  Last Runtime    Last Run               Last # of DB Queries
----------------------------------------  -----  ---------  --------  ----------  --------------  -------------------  ----------------------
/opt/airflow/dags/driven_data_pipline.py                           1           0  0.24s           2025-04-11T16:35:28                      12
================================================================================
[2025-04-11T16:36:04.576+0000] {manager.py:465} INFO - Exiting gracefully upon receiving signal 15
[2025-04-11T16:39:43.685+0000] {manager.py:483} INFO - Processing files using up to 2 processes at a time 
[2025-04-11T16:39:43.686+0000] {manager.py:484} INFO - Process each file at most once every 30 seconds
[2025-04-11T16:39:43.690+0000] {manager.py:485} INFO - Checking for new files in /opt/airflow/dags every 300 seconds
[2025-04-11T16:39:43.694+0000] {manager.py:821} INFO - Searching for files in /opt/airflow/dags
[2025-04-11T16:39:43.724+0000] {manager.py:824} INFO - There are 1 files in /opt/airflow/dags
[2025-04-11T16:39:43.975+0000] {manager.py:997} INFO - 
================================================================================
DAG File Processing Stats

File Path                                   PID  Runtime      # DAGs    # Errors  Last Runtime    Last Run      Last # of DB Queries
----------------------------------------  -----  ---------  --------  ----------  --------------  ----------  ----------------------
/opt/airflow/dags/driven_data_pipline.py     54  0.03s             0           0                                                   0
================================================================================
[2025-04-11T16:40:14.226+0000] {manager.py:997} INFO - 
================================================================================
DAG File Processing Stats

File Path                                 PID    Runtime      # DAGs    # Errors  Last Runtime    Last Run               Last # of DB Queries
----------------------------------------  -----  ---------  --------  ----------  --------------  -------------------  ----------------------
/opt/airflow/dags/driven_data_pipline.py                           1           0  1.26s           2025-04-11T16:39:45                      45
================================================================================
[2025-04-11T16:40:44.622+0000] {manager.py:997} INFO - 
================================================================================
DAG File Processing Stats

File Path                                 PID    Runtime      # DAGs    # Errors  Last Runtime    Last Run               Last # of DB Queries
----------------------------------------  -----  ---------  --------  ----------  --------------  -------------------  ----------------------
/opt/airflow/dags/driven_data_pipline.py                           1           0  0.35s           2025-04-11T16:40:15                      12
================================================================================
[2025-04-11T16:41:14.940+0000] {manager.py:997} INFO - 
================================================================================
DAG File Processing Stats

File Path                                 PID    Runtime      # DAGs    # Errors  Last Runtime    Last Run               Last # of DB Queries
----------------------------------------  -----  ---------  --------  ----------  --------------  -------------------  ----------------------
/opt/airflow/dags/driven_data_pipline.py                           1           0  0.32s           2025-04-11T16:40:45                      12
================================================================================
[2025-04-11T16:41:45.357+0000] {manager.py:997} INFO - 
================================================================================
DAG File Processing Stats

File Path                                 PID    Runtime      # DAGs    # Errors  Last Runtime    Last Run               Last # of DB Queries
----------------------------------------  -----  ---------  --------  ----------  --------------  -------------------  ----------------------
/opt/airflow/dags/driven_data_pipline.py                           1           0  0.38s           2025-04-11T16:41:16                      12
================================================================================
[2025-04-11T16:42:15.923+0000] {manager.py:997} INFO - 
================================================================================
DAG File Processing Stats

File Path                                 PID    Runtime      # DAGs    # Errors  Last Runtime    Last Run               Last # of DB Queries
----------------------------------------  -----  ---------  --------  ----------  --------------  -------------------  ----------------------
/opt/airflow/dags/driven_data_pipline.py                           1           0  0.39s           2025-04-11T16:41:47                      12
================================================================================
[2025-04-11T16:42:46.533+0000] {manager.py:997} INFO - 
================================================================================
DAG File Processing Stats

File Path                                 PID    Runtime      # DAGs    # Errors  Last Runtime    Last Run               Last # of DB Queries
----------------------------------------  -----  ---------  --------  ----------  --------------  -------------------  ----------------------
/opt/airflow/dags/driven_data_pipline.py                           1           0  0.35s           2025-04-11T16:42:17                      12
================================================================================
[2025-04-11T16:43:17.139+0000] {manager.py:997} INFO - 
================================================================================
DAG File Processing Stats

File Path                                 PID    Runtime      # DAGs    # Errors  Last Runtime    Last Run               Last # of DB Queries
----------------------------------------  -----  ---------  --------  ----------  --------------  -------------------  ----------------------
/opt/airflow/dags/driven_data_pipline.py                           1           0  0.32s           2025-04-11T16:42:48                      12
================================================================================
[2025-04-11T16:43:47.704+0000] {manager.py:997} INFO - 
================================================================================
DAG File Processing Stats

File Path                                 PID    Runtime      # DAGs    # Errors  Last Runtime    Last Run               Last # of DB Queries
----------------------------------------  -----  ---------  --------  ----------  --------------  -------------------  ----------------------
/opt/airflow/dags/driven_data_pipline.py                           1           0  0.33s           2025-04-11T16:43:18                      12
================================================================================
[2025-04-11T16:44:18.282+0000] {manager.py:997} INFO - 
================================================================================
DAG File Processing Stats

File Path                                 PID    Runtime      # DAGs    # Errors  Last Runtime    Last Run               Last # of DB Queries
----------------------------------------  -----  ---------  --------  ----------  --------------  -------------------  ----------------------
/opt/airflow/dags/driven_data_pipline.py                           1           0  0.35s           2025-04-11T16:43:49                      12
================================================================================
[2025-04-11T16:44:43.779+0000] {manager.py:821} INFO - Searching for files in /opt/airflow/dags
[2025-04-11T16:44:43.790+0000] {manager.py:824} INFO - There are 1 files in /opt/airflow/dags
[2025-04-11T16:44:48.328+0000] {manager.py:997} INFO - 
================================================================================
DAG File Processing Stats

File Path                                 PID    Runtime      # DAGs    # Errors  Last Runtime    Last Run               Last # of DB Queries
----------------------------------------  -----  ---------  --------  ----------  --------------  -------------------  ----------------------
/opt/airflow/dags/driven_data_pipline.py                           1           0  0.50s           2025-04-11T16:44:20                      12
================================================================================
[2025-04-11T16:45:18.507+0000] {manager.py:997} INFO - 
================================================================================
DAG File Processing Stats

File Path                                 PID    Runtime      # DAGs    # Errors  Last Runtime    Last Run               Last # of DB Queries
----------------------------------------  -----  ---------  --------  ----------  --------------  -------------------  ----------------------
/opt/airflow/dags/driven_data_pipline.py                           1           0  0.39s           2025-04-11T16:44:50                      12
================================================================================
[2025-04-11T16:45:49.078+0000] {manager.py:997} INFO - 
================================================================================
DAG File Processing Stats

File Path                                 PID    Runtime      # DAGs    # Errors  Last Runtime    Last Run               Last # of DB Queries
----------------------------------------  -----  ---------  --------  ----------  --------------  -------------------  ----------------------
/opt/airflow/dags/driven_data_pipline.py                           1           0  0.35s           2025-04-11T16:45:21                      12
================================================================================
[2025-04-11T16:46:19.653+0000] {manager.py:997} INFO - 
================================================================================
DAG File Processing Stats

File Path                                 PID    Runtime      # DAGs    # Errors  Last Runtime    Last Run               Last # of DB Queries
----------------------------------------  -----  ---------  --------  ----------  --------------  -------------------  ----------------------
/opt/airflow/dags/driven_data_pipline.py                           1           0  0.34s           2025-04-11T16:45:51                      12
================================================================================
[2025-04-11T16:46:50.213+0000] {manager.py:997} INFO - 
================================================================================
DAG File Processing Stats

File Path                                 PID    Runtime      # DAGs    # Errors  Last Runtime    Last Run               Last # of DB Queries
----------------------------------------  -----  ---------  --------  ----------  --------------  -------------------  ----------------------
/opt/airflow/dags/driven_data_pipline.py                           1           0  0.34s           2025-04-11T16:46:22                      12
================================================================================
[2025-04-11T16:47:20.239+0000] {manager.py:997} INFO - 
================================================================================
DAG File Processing Stats

File Path                                 PID    Runtime      # DAGs    # Errors  Last Runtime    Last Run               Last # of DB Queries
----------------------------------------  -----  ---------  --------  ----------  --------------  -------------------  ----------------------
/opt/airflow/dags/driven_data_pipline.py                           1           0  0.42s           2025-04-11T16:47:10                      12
================================================================================
[2025-04-11T16:47:50.420+0000] {manager.py:997} INFO - 
================================================================================
DAG File Processing Stats

File Path                                 PID    Runtime      # DAGs    # Errors  Last Runtime    Last Run               Last # of DB Queries
----------------------------------------  -----  ---------  --------  ----------  --------------  -------------------  ----------------------
/opt/airflow/dags/driven_data_pipline.py                           1           0  0.34s           2025-04-11T16:47:40                      12
================================================================================
[2025-04-11T16:48:21.084+0000] {manager.py:997} INFO - 
================================================================================
DAG File Processing Stats

File Path                                 PID    Runtime      # DAGs    # Errors  Last Runtime    Last Run               Last # of DB Queries
----------------------------------------  -----  ---------  --------  ----------  --------------  -------------------  ----------------------
/opt/airflow/dags/driven_data_pipline.py                           1           0  0.23s           2025-04-11T16:48:11                      12
================================================================================
[2025-04-11T16:48:51.491+0000] {manager.py:997} INFO - 
================================================================================
DAG File Processing Stats

File Path                                 PID    Runtime      # DAGs    # Errors  Last Runtime    Last Run               Last # of DB Queries
----------------------------------------  -----  ---------  --------  ----------  --------------  -------------------  ----------------------
/opt/airflow/dags/driven_data_pipline.py                           1           0  0.25s           2025-04-11T16:48:41                      12
================================================================================
[2025-04-11T16:49:21.928+0000] {manager.py:997} INFO - 
================================================================================
DAG File Processing Stats

File Path                                 PID    Runtime      # DAGs    # Errors  Last Runtime    Last Run               Last # of DB Queries
----------------------------------------  -----  ---------  --------  ----------  --------------  -------------------  ----------------------
/opt/airflow/dags/driven_data_pipline.py                           1           0  0.22s           2025-04-11T16:49:12                      12
================================================================================
[2025-04-11T16:49:44.314+0000] {manager.py:821} INFO - Searching for files in /opt/airflow/dags
[2025-04-11T16:49:44.324+0000] {manager.py:824} INFO - There are 1 files in /opt/airflow/dags
[2025-04-11T16:49:52.397+0000] {manager.py:997} INFO - 
================================================================================
DAG File Processing Stats

File Path                                 PID    Runtime      # DAGs    # Errors  Last Runtime    Last Run               Last # of DB Queries
----------------------------------------  -----  ---------  --------  ----------  --------------  -------------------  ----------------------
/opt/airflow/dags/driven_data_pipline.py                           1           0  0.21s           2025-04-11T16:49:42                      12
================================================================================
[2025-04-11T16:50:22.790+0000] {manager.py:997} INFO - 
================================================================================
DAG File Processing Stats

File Path                                 PID    Runtime      # DAGs    # Errors  Last Runtime    Last Run               Last # of DB Queries
----------------------------------------  -----  ---------  --------  ----------  --------------  -------------------  ----------------------
/opt/airflow/dags/driven_data_pipline.py                           1           0  0.24s           2025-04-11T16:50:12                      12
================================================================================
[2025-04-11T16:50:53.057+0000] {manager.py:997} INFO - 
================================================================================
DAG File Processing Stats

File Path                                 PID    Runtime      # DAGs    # Errors  Last Runtime    Last Run               Last # of DB Queries
----------------------------------------  -----  ---------  --------  ----------  --------------  -------------------  ----------------------
/opt/airflow/dags/driven_data_pipline.py                           1           0  0.24s           2025-04-11T16:50:43                      12
================================================================================
[2025-04-11T16:51:23.481+0000] {manager.py:997} INFO - 
================================================================================
DAG File Processing Stats

File Path                                 PID    Runtime      # DAGs    # Errors  Last Runtime    Last Run               Last # of DB Queries
----------------------------------------  -----  ---------  --------  ----------  --------------  -------------------  ----------------------
/opt/airflow/dags/driven_data_pipline.py                           1           0  0.29s           2025-04-11T16:51:13                      12
================================================================================
[2025-04-11T16:51:53.758+0000] {manager.py:997} INFO - 
================================================================================
DAG File Processing Stats

File Path                                 PID    Runtime      # DAGs    # Errors  Last Runtime    Last Run               Last # of DB Queries
----------------------------------------  -----  ---------  --------  ----------  --------------  -------------------  ----------------------
/opt/airflow/dags/driven_data_pipline.py                           1           0  0.21s           2025-04-11T16:51:43                      12
================================================================================
[2025-04-11T16:52:24.140+0000] {manager.py:997} INFO - 
================================================================================
DAG File Processing Stats

File Path                                 PID    Runtime      # DAGs    # Errors  Last Runtime    Last Run               Last # of DB Queries
----------------------------------------  -----  ---------  --------  ----------  --------------  -------------------  ----------------------
/opt/airflow/dags/driven_data_pipline.py                           1           0  0.24s           2025-04-11T16:52:14                      12
================================================================================
[2025-04-11T16:52:54.431+0000] {manager.py:997} INFO - 
================================================================================
DAG File Processing Stats

File Path                                 PID    Runtime      # DAGs    # Errors  Last Runtime    Last Run               Last # of DB Queries
----------------------------------------  -----  ---------  --------  ----------  --------------  -------------------  ----------------------
/opt/airflow/dags/driven_data_pipline.py                           1           0  0.24s           2025-04-11T16:52:44                      12
================================================================================
[2025-04-11T16:53:24.808+0000] {manager.py:997} INFO - 
================================================================================
DAG File Processing Stats

File Path                                 PID    Runtime      # DAGs    # Errors  Last Runtime    Last Run               Last # of DB Queries
----------------------------------------  -----  ---------  --------  ----------  --------------  -------------------  ----------------------
/opt/airflow/dags/driven_data_pipline.py                           1           0  0.23s           2025-04-11T16:53:14                      12
================================================================================
[2025-04-11T16:53:55.105+0000] {manager.py:997} INFO - 
================================================================================
DAG File Processing Stats

File Path                                 PID    Runtime      # DAGs    # Errors  Last Runtime    Last Run               Last # of DB Queries
----------------------------------------  -----  ---------  --------  ----------  --------------  -------------------  ----------------------
/opt/airflow/dags/driven_data_pipline.py                           1           0  0.21s           2025-04-11T16:53:45                      12
================================================================================
[2025-04-11T16:54:25.468+0000] {manager.py:997} INFO - 
================================================================================
DAG File Processing Stats

File Path                                 PID    Runtime      # DAGs    # Errors  Last Runtime    Last Run               Last # of DB Queries
----------------------------------------  -----  ---------  --------  ----------  --------------  -------------------  ----------------------
/opt/airflow/dags/driven_data_pipline.py                           1           0  0.21s           2025-04-11T16:54:15                      12
================================================================================
[2025-04-11T16:54:35.809+0000] {manager.py:465} INFO - Exiting gracefully upon receiving signal 15
[2025-04-11T17:04:20.312+0000] {manager.py:483} INFO - Processing files using up to 2 processes at a time 
[2025-04-11T17:04:20.313+0000] {manager.py:484} INFO - Process each file at most once every 30 seconds
[2025-04-11T17:04:20.313+0000] {manager.py:485} INFO - Checking for new files in /opt/airflow/dags every 300 seconds
[2025-04-11T17:04:20.314+0000] {manager.py:821} INFO - Searching for files in /opt/airflow/dags
[2025-04-11T17:04:20.328+0000] {manager.py:824} INFO - There are 1 files in /opt/airflow/dags
[2025-04-11T17:04:20.436+0000] {manager.py:997} INFO - 
================================================================================
DAG File Processing Stats

File Path                                   PID  Runtime      # DAGs    # Errors  Last Runtime    Last Run      Last # of DB Queries
----------------------------------------  -----  ---------  --------  ----------  --------------  ----------  ----------------------
/opt/airflow/dags/driven_data_pipline.py     48  0.03s             0           0                                                   0
================================================================================
[2025-04-11T17:04:50.638+0000] {manager.py:997} INFO - 
================================================================================
DAG File Processing Stats

File Path                                 PID    Runtime      # DAGs    # Errors  Last Runtime    Last Run               Last # of DB Queries
----------------------------------------  -----  ---------  --------  ----------  --------------  -------------------  ----------------------
/opt/airflow/dags/driven_data_pipline.py                           1           0  0.82s           2025-04-11T17:04:21                      12
================================================================================
[2025-04-11T17:05:20.891+0000] {manager.py:997} INFO - 
================================================================================
DAG File Processing Stats

File Path                                 PID    Runtime      # DAGs    # Errors  Last Runtime    Last Run               Last # of DB Queries
----------------------------------------  -----  ---------  --------  ----------  --------------  -------------------  ----------------------
/opt/airflow/dags/driven_data_pipline.py                           1           0  0.36s           2025-04-11T17:04:51                      12
================================================================================
[2025-04-11T17:05:51.189+0000] {manager.py:997} INFO - 
================================================================================
DAG File Processing Stats

File Path                                 PID    Runtime      # DAGs    # Errors  Last Runtime    Last Run               Last # of DB Queries
----------------------------------------  -----  ---------  --------  ----------  --------------  -------------------  ----------------------
/opt/airflow/dags/driven_data_pipline.py                           1           0  0.33s           2025-04-11T17:05:22                      12
================================================================================
[2025-04-11T17:06:21.651+0000] {manager.py:997} INFO - 
================================================================================
DAG File Processing Stats

File Path                                 PID    Runtime      # DAGs    # Errors  Last Runtime    Last Run               Last # of DB Queries
----------------------------------------  -----  ---------  --------  ----------  --------------  -------------------  ----------------------
/opt/airflow/dags/driven_data_pipline.py                           1           0  0.49s           2025-04-11T17:05:52                      12
================================================================================
[2025-04-11T17:06:40.244+0000] {manager.py:465} INFO - Exiting gracefully upon receiving signal 15
[2025-04-24T09:44:16.982+0000] {manager.py:483} INFO - Processing files using up to 2 processes at a time 
[2025-04-24T09:44:16.986+0000] {manager.py:484} INFO - Process each file at most once every 30 seconds
[2025-04-24T09:44:16.986+0000] {manager.py:485} INFO - Checking for new files in /opt/airflow/dags every 300 seconds
[2025-04-24T09:44:16.987+0000] {manager.py:821} INFO - Searching for files in /opt/airflow/dags
[2025-04-24T11:28:42.544+0000] {manager.py:824} INFO - There are 1 files in /opt/airflow/dags
[2025-04-24T11:28:42.648+0000] {manager.py:833} ERROR - Error removing old import errors
Traceback (most recent call last):
  File "/home/airflow/.local/lib/python3.12/site-packages/sqlalchemy/engine/base.py", line 3371, in _wrap_pool_connect
    return fn()
           ^^^^
  File "/home/airflow/.local/lib/python3.12/site-packages/sqlalchemy/pool/base.py", line 327, in connect
    return _ConnectionFairy._checkout(self)
           ^^^^^^^^^^^^^^^^^^^^^^^^^^^^^^^^
  File "/home/airflow/.local/lib/python3.12/site-packages/sqlalchemy/pool/base.py", line 894, in _checkout
    fairy = _ConnectionRecord.checkout(pool)
            ^^^^^^^^^^^^^^^^^^^^^^^^^^^^^^^^
  File "/home/airflow/.local/lib/python3.12/site-packages/sqlalchemy/pool/base.py", line 493, in checkout
    rec = pool._do_get()
          ^^^^^^^^^^^^^^
  File "/home/airflow/.local/lib/python3.12/site-packages/sqlalchemy/pool/impl.py", line 145, in _do_get
    with util.safe_reraise():
         ^^^^^^^^^^^^^^^^^^^
  File "/home/airflow/.local/lib/python3.12/site-packages/sqlalchemy/util/langhelpers.py", line 70, in __exit__
    compat.raise_(
  File "/home/airflow/.local/lib/python3.12/site-packages/sqlalchemy/util/compat.py", line 211, in raise_
    raise exception
  File "/home/airflow/.local/lib/python3.12/site-packages/sqlalchemy/pool/impl.py", line 143, in _do_get
    return self._create_connection()
           ^^^^^^^^^^^^^^^^^^^^^^^^^
  File "/home/airflow/.local/lib/python3.12/site-packages/sqlalchemy/pool/base.py", line 273, in _create_connection
    return _ConnectionRecord(self)
           ^^^^^^^^^^^^^^^^^^^^^^^
  File "/home/airflow/.local/lib/python3.12/site-packages/sqlalchemy/pool/base.py", line 388, in __init__
    self.__connect()
  File "/home/airflow/.local/lib/python3.12/site-packages/sqlalchemy/pool/base.py", line 690, in __connect
    with util.safe_reraise():
         ^^^^^^^^^^^^^^^^^^^
  File "/home/airflow/.local/lib/python3.12/site-packages/sqlalchemy/util/langhelpers.py", line 70, in __exit__
    compat.raise_(
  File "/home/airflow/.local/lib/python3.12/site-packages/sqlalchemy/util/compat.py", line 211, in raise_
    raise exception
  File "/home/airflow/.local/lib/python3.12/site-packages/sqlalchemy/pool/base.py", line 686, in __connect
    self.dbapi_connection = connection = pool._invoke_creator(self)
                                         ^^^^^^^^^^^^^^^^^^^^^^^^^^
  File "/home/airflow/.local/lib/python3.12/site-packages/sqlalchemy/engine/create.py", line 574, in connect
    return dialect.connect(*cargs, **cparams)
           ^^^^^^^^^^^^^^^^^^^^^^^^^^^^^^^^^^
  File "/home/airflow/.local/lib/python3.12/site-packages/sqlalchemy/engine/default.py", line 598, in connect
    return self.dbapi.connect(*cargs, **cparams)
           ^^^^^^^^^^^^^^^^^^^^^^^^^^^^^^^^^^^^^
  File "/home/airflow/.local/lib/python3.12/site-packages/psycopg2/__init__.py", line 122, in connect
    conn = _connect(dsn, connection_factory=connection_factory, **kwasync)
           ^^^^^^^^^^^^^^^^^^^^^^^^^^^^^^^^^^^^^^^^^^^^^^^^^^^^^^^^^^^^^^^
psycopg2.OperationalError: connection to server at "postgres" (172.18.0.7), port 5432 failed: server closed the connection unexpectedly
	This probably means the server terminated abnormally
	before or while processing the request.


The above exception was the direct cause of the following exception:

Traceback (most recent call last):
  File "/home/airflow/.local/lib/python3.12/site-packages/airflow/dag_processing/manager.py", line 829, in _refresh_dag_dir
    DagFileProcessorManager.clear_nonexistent_import_errors(
  File "/home/airflow/.local/lib/python3.12/site-packages/airflow/api_internal/internal_api_call.py", line 139, in wrapper
    return func(*args, **kwargs)
           ^^^^^^^^^^^^^^^^^^^^^
  File "/home/airflow/.local/lib/python3.12/site-packages/airflow/utils/session.py", line 97, in wrapper
    return func(*args, session=session, **kwargs)
           ^^^^^^^^^^^^^^^^^^^^^^^^^^^^^^^^^^^^^^
  File "/home/airflow/.local/lib/python3.12/site-packages/airflow/dag_processing/manager.py", line 899, in clear_nonexistent_import_errors
    session.execute(query.execution_options(synchronize_session="fetch"))
  File "/home/airflow/.local/lib/python3.12/site-packages/sqlalchemy/orm/session.py", line 1716, in execute
    conn = self._connection_for_bind(bind)
           ^^^^^^^^^^^^^^^^^^^^^^^^^^^^^^^
  File "/home/airflow/.local/lib/python3.12/site-packages/sqlalchemy/orm/session.py", line 1555, in _connection_for_bind
    return self._transaction._connection_for_bind(
           ^^^^^^^^^^^^^^^^^^^^^^^^^^^^^^^^^^^^^^^
  File "/home/airflow/.local/lib/python3.12/site-packages/sqlalchemy/orm/session.py", line 750, in _connection_for_bind
    conn = bind.connect()
           ^^^^^^^^^^^^^^
  File "/home/airflow/.local/lib/python3.12/site-packages/sqlalchemy/future/engine.py", line 412, in connect
    return super(Engine, self).connect()
           ^^^^^^^^^^^^^^^^^^^^^^^^^^^^^
  File "/home/airflow/.local/lib/python3.12/site-packages/sqlalchemy/engine/base.py", line 3325, in connect
    return self._connection_cls(self, close_with_result=close_with_result)
           ^^^^^^^^^^^^^^^^^^^^^^^^^^^^^^^^^^^^^^^^^^^^^^^^^^^^^^^^^^^^^^^
  File "/home/airflow/.local/lib/python3.12/site-packages/sqlalchemy/engine/base.py", line 96, in __init__
    else engine.raw_connection()
         ^^^^^^^^^^^^^^^^^^^^^^^
  File "/home/airflow/.local/lib/python3.12/site-packages/sqlalchemy/engine/base.py", line 3404, in raw_connection
    return self._wrap_pool_connect(self.pool.connect, _connection)
           ^^^^^^^^^^^^^^^^^^^^^^^^^^^^^^^^^^^^^^^^^^^^^^^^^^^^^^^
  File "/home/airflow/.local/lib/python3.12/site-packages/sqlalchemy/engine/base.py", line 3374, in _wrap_pool_connect
    Connection._handle_dbapi_exception_noconnection(
  File "/home/airflow/.local/lib/python3.12/site-packages/sqlalchemy/engine/base.py", line 2208, in _handle_dbapi_exception_noconnection
    util.raise_(
  File "/home/airflow/.local/lib/python3.12/site-packages/sqlalchemy/util/compat.py", line 211, in raise_
    raise exception
  File "/home/airflow/.local/lib/python3.12/site-packages/sqlalchemy/engine/base.py", line 3371, in _wrap_pool_connect
    return fn()
           ^^^^
  File "/home/airflow/.local/lib/python3.12/site-packages/sqlalchemy/pool/base.py", line 327, in connect
    return _ConnectionFairy._checkout(self)
           ^^^^^^^^^^^^^^^^^^^^^^^^^^^^^^^^
  File "/home/airflow/.local/lib/python3.12/site-packages/sqlalchemy/pool/base.py", line 894, in _checkout
    fairy = _ConnectionRecord.checkout(pool)
            ^^^^^^^^^^^^^^^^^^^^^^^^^^^^^^^^
  File "/home/airflow/.local/lib/python3.12/site-packages/sqlalchemy/pool/base.py", line 493, in checkout
    rec = pool._do_get()
          ^^^^^^^^^^^^^^
  File "/home/airflow/.local/lib/python3.12/site-packages/sqlalchemy/pool/impl.py", line 145, in _do_get
    with util.safe_reraise():
         ^^^^^^^^^^^^^^^^^^^
  File "/home/airflow/.local/lib/python3.12/site-packages/sqlalchemy/util/langhelpers.py", line 70, in __exit__
    compat.raise_(
  File "/home/airflow/.local/lib/python3.12/site-packages/sqlalchemy/util/compat.py", line 211, in raise_
    raise exception
  File "/home/airflow/.local/lib/python3.12/site-packages/sqlalchemy/pool/impl.py", line 143, in _do_get
    return self._create_connection()
           ^^^^^^^^^^^^^^^^^^^^^^^^^
  File "/home/airflow/.local/lib/python3.12/site-packages/sqlalchemy/pool/base.py", line 273, in _create_connection
    return _ConnectionRecord(self)
           ^^^^^^^^^^^^^^^^^^^^^^^
  File "/home/airflow/.local/lib/python3.12/site-packages/sqlalchemy/pool/base.py", line 388, in __init__
    self.__connect()
  File "/home/airflow/.local/lib/python3.12/site-packages/sqlalchemy/pool/base.py", line 690, in __connect
    with util.safe_reraise():
         ^^^^^^^^^^^^^^^^^^^
  File "/home/airflow/.local/lib/python3.12/site-packages/sqlalchemy/util/langhelpers.py", line 70, in __exit__
    compat.raise_(
  File "/home/airflow/.local/lib/python3.12/site-packages/sqlalchemy/util/compat.py", line 211, in raise_
    raise exception
  File "/home/airflow/.local/lib/python3.12/site-packages/sqlalchemy/pool/base.py", line 686, in __connect
    self.dbapi_connection = connection = pool._invoke_creator(self)
                                         ^^^^^^^^^^^^^^^^^^^^^^^^^^
  File "/home/airflow/.local/lib/python3.12/site-packages/sqlalchemy/engine/create.py", line 574, in connect
    return dialect.connect(*cargs, **cparams)
           ^^^^^^^^^^^^^^^^^^^^^^^^^^^^^^^^^^
  File "/home/airflow/.local/lib/python3.12/site-packages/sqlalchemy/engine/default.py", line 598, in connect
    return self.dbapi.connect(*cargs, **cparams)
           ^^^^^^^^^^^^^^^^^^^^^^^^^^^^^^^^^^^^^
  File "/home/airflow/.local/lib/python3.12/site-packages/psycopg2/__init__.py", line 122, in connect
    conn = _connect(dsn, connection_factory=connection_factory, **kwasync)
           ^^^^^^^^^^^^^^^^^^^^^^^^^^^^^^^^^^^^^^^^^^^^^^^^^^^^^^^^^^^^^^^
sqlalchemy.exc.OperationalError: (psycopg2.OperationalError) connection to server at "postgres" (172.18.0.7), port 5432 failed: server closed the connection unexpectedly
	This probably means the server terminated abnormally
	before or while processing the request.

(Background on this error at: https://sqlalche.me/e/14/e3q8)
[2025-05-08T11:46:04.627+0000] {manager.py:483} INFO - Processing files using up to 2 processes at a time 
[2025-05-08T11:46:04.630+0000] {manager.py:484} INFO - Process each file at most once every 30 seconds
[2025-05-08T11:46:04.630+0000] {manager.py:485} INFO - Checking for new files in /opt/airflow/dags every 300 seconds
[2025-05-08T11:46:04.631+0000] {manager.py:821} INFO - Searching for files in /opt/airflow/dags
[2025-05-08T11:46:04.719+0000] {manager.py:824} INFO - There are 1 files in /opt/airflow/dags
[2025-05-08T11:46:04.782+0000] {manager.py:997} INFO - 
================================================================================
DAG File Processing Stats

File Path                                   PID  Runtime      # DAGs    # Errors  Last Runtime    Last Run      Last # of DB Queries
----------------------------------------  -----  ---------  --------  ----------  --------------  ----------  ----------------------
/opt/airflow/dags/driven_data_pipline.py     52  0.03s             0           0                                                   0
================================================================================
[2025-05-08T11:46:34.965+0000] {manager.py:997} INFO - 
================================================================================
DAG File Processing Stats

File Path                                   PID  Runtime      # DAGs    # Errors  Last Runtime    Last Run               Last # of DB Queries
----------------------------------------  -----  ---------  --------  ----------  --------------  -------------------  ----------------------
/opt/airflow/dags/driven_data_pipline.py     59  0.00s             0           1  0.07s           2025-05-08T11:46:04                       3
================================================================================
[2025-05-08T11:47:05.167+0000] {manager.py:997} INFO - 
================================================================================
DAG File Processing Stats

File Path                                   PID  Runtime      # DAGs    # Errors  Last Runtime    Last Run               Last # of DB Queries
----------------------------------------  -----  ---------  --------  ----------  --------------  -------------------  ----------------------
/opt/airflow/dags/driven_data_pipline.py     66  0.00s             0           1  0.05s           2025-05-08T11:46:35                       5
================================================================================
[2025-05-08T11:47:35.372+0000] {manager.py:997} INFO - 
================================================================================
DAG File Processing Stats

File Path                                   PID  Runtime      # DAGs    # Errors  Last Runtime    Last Run               Last # of DB Queries
----------------------------------------  -----  ---------  --------  ----------  --------------  -------------------  ----------------------
/opt/airflow/dags/driven_data_pipline.py     73  0.00s             0           1  0.06s           2025-05-08T11:47:05                       5
================================================================================
[2025-05-08T11:48:05.582+0000] {manager.py:997} INFO - 
================================================================================
DAG File Processing Stats

File Path                                   PID  Runtime      # DAGs    # Errors  Last Runtime    Last Run               Last # of DB Queries
----------------------------------------  -----  ---------  --------  ----------  --------------  -------------------  ----------------------
/opt/airflow/dags/driven_data_pipline.py     80  0.00s             0           1  0.06s           2025-05-08T11:47:35                       5
================================================================================
[2025-05-08T11:48:35.784+0000] {manager.py:997} INFO - 
================================================================================
DAG File Processing Stats

File Path                                   PID  Runtime      # DAGs    # Errors  Last Runtime    Last Run               Last # of DB Queries
----------------------------------------  -----  ---------  --------  ----------  --------------  -------------------  ----------------------
/opt/airflow/dags/driven_data_pipline.py     87  0.00s             0           1  0.05s           2025-05-08T11:48:05                       5
================================================================================
[2025-05-08T11:49:05.997+0000] {manager.py:997} INFO - 
================================================================================
DAG File Processing Stats

File Path                                   PID  Runtime      # DAGs    # Errors  Last Runtime    Last Run               Last # of DB Queries
----------------------------------------  -----  ---------  --------  ----------  --------------  -------------------  ----------------------
/opt/airflow/dags/driven_data_pipline.py     94  0.01s             0           1  0.06s           2025-05-08T11:48:35                       5
================================================================================
[2025-05-08T11:49:36.178+0000] {manager.py:997} INFO - 
================================================================================
DAG File Processing Stats

File Path                                   PID  Runtime      # DAGs    # Errors  Last Runtime    Last Run               Last # of DB Queries
----------------------------------------  -----  ---------  --------  ----------  --------------  -------------------  ----------------------
/opt/airflow/dags/driven_data_pipline.py    101  0.00s             0           1  0.08s           2025-05-08T11:49:06                       5
================================================================================
[2025-05-08T11:50:06.383+0000] {manager.py:997} INFO - 
================================================================================
DAG File Processing Stats

File Path                                   PID  Runtime      # DAGs    # Errors  Last Runtime    Last Run               Last # of DB Queries
----------------------------------------  -----  ---------  --------  ----------  --------------  -------------------  ----------------------
/opt/airflow/dags/driven_data_pipline.py    108  0.00s             0           1  0.06s           2025-05-08T11:49:36                       5
================================================================================
[2025-05-08T11:50:36.560+0000] {manager.py:997} INFO - 
================================================================================
DAG File Processing Stats

File Path                                 PID    Runtime      # DAGs    # Errors  Last Runtime    Last Run               Last # of DB Queries
----------------------------------------  -----  ---------  --------  ----------  --------------  -------------------  ----------------------
/opt/airflow/dags/driven_data_pipline.py                           1           0  0.89s           2025-05-08T11:50:12                      45
================================================================================
[2025-05-08T11:51:04.929+0000] {manager.py:821} INFO - Searching for files in /opt/airflow/dags
[2025-05-08T11:51:04.939+0000] {manager.py:824} INFO - There are 1 files in /opt/airflow/dags
[2025-05-08T11:51:06.959+0000] {manager.py:997} INFO - 
================================================================================
DAG File Processing Stats

File Path                                 PID    Runtime      # DAGs    # Errors  Last Runtime    Last Run               Last # of DB Queries
----------------------------------------  -----  ---------  --------  ----------  --------------  -------------------  ----------------------
/opt/airflow/dags/driven_data_pipline.py                           1           0  0.32s           2025-05-08T11:50:43                      12
================================================================================
[2025-05-08T11:51:37.454+0000] {manager.py:997} INFO - 
================================================================================
DAG File Processing Stats

File Path                                 PID    Runtime      # DAGs    # Errors  Last Runtime    Last Run               Last # of DB Queries
----------------------------------------  -----  ---------  --------  ----------  --------------  -------------------  ----------------------
/opt/airflow/dags/driven_data_pipline.py                           1           0  0.33s           2025-05-08T11:51:13                      12
================================================================================
[2025-05-08T11:52:07.951+0000] {manager.py:997} INFO - 
================================================================================
DAG File Processing Stats

File Path                                 PID    Runtime      # DAGs    # Errors  Last Runtime    Last Run               Last # of DB Queries
----------------------------------------  -----  ---------  --------  ----------  --------------  -------------------  ----------------------
/opt/airflow/dags/driven_data_pipline.py                           1           0  0.33s           2025-05-08T11:51:44                      12
================================================================================
[2025-05-08T11:52:38.447+0000] {manager.py:997} INFO - 
================================================================================
DAG File Processing Stats

File Path                                 PID    Runtime      # DAGs    # Errors  Last Runtime    Last Run               Last # of DB Queries
----------------------------------------  -----  ---------  --------  ----------  --------------  -------------------  ----------------------
/opt/airflow/dags/driven_data_pipline.py                           1           0  0.34s           2025-05-08T11:52:14                      12
================================================================================
[2025-05-08T11:53:08.969+0000] {manager.py:997} INFO - 
================================================================================
DAG File Processing Stats

File Path                                 PID    Runtime      # DAGs    # Errors  Last Runtime    Last Run               Last # of DB Queries
----------------------------------------  -----  ---------  --------  ----------  --------------  -------------------  ----------------------
/opt/airflow/dags/driven_data_pipline.py                           1           0  0.32s           2025-05-08T11:52:45                      12
================================================================================
[2025-05-08T11:53:39.494+0000] {manager.py:997} INFO - 
================================================================================
DAG File Processing Stats

File Path                                 PID    Runtime      # DAGs    # Errors  Last Runtime    Last Run               Last # of DB Queries
----------------------------------------  -----  ---------  --------  ----------  --------------  -------------------  ----------------------
/opt/airflow/dags/driven_data_pipline.py                           1           0  0.46s           2025-05-08T11:53:15                      12
================================================================================
[2025-05-08T11:54:10.099+0000] {manager.py:997} INFO - 
================================================================================
DAG File Processing Stats

File Path                                 PID    Runtime      # DAGs    # Errors  Last Runtime    Last Run               Last # of DB Queries
----------------------------------------  -----  ---------  --------  ----------  --------------  -------------------  ----------------------
/opt/airflow/dags/driven_data_pipline.py                           1           0  0.32s           2025-05-08T11:53:46                      12
================================================================================
[2025-05-08T11:54:40.562+0000] {manager.py:997} INFO - 
================================================================================
DAG File Processing Stats

File Path                                 PID    Runtime      # DAGs    # Errors  Last Runtime    Last Run               Last # of DB Queries
----------------------------------------  -----  ---------  --------  ----------  --------------  -------------------  ----------------------
/opt/airflow/dags/driven_data_pipline.py                           1           0  0.36s           2025-05-08T11:54:16                      12
================================================================================
[2025-05-08T11:55:11.096+0000] {manager.py:997} INFO - 
================================================================================
DAG File Processing Stats

File Path                                 PID    Runtime      # DAGs    # Errors  Last Runtime    Last Run               Last # of DB Queries
----------------------------------------  -----  ---------  --------  ----------  --------------  -------------------  ----------------------
/opt/airflow/dags/driven_data_pipline.py                           1           0  0.35s           2025-05-08T11:54:47                      12
================================================================================
[2025-05-08T11:55:41.621+0000] {manager.py:997} INFO - 
================================================================================
DAG File Processing Stats

File Path                                 PID    Runtime      # DAGs    # Errors  Last Runtime    Last Run               Last # of DB Queries
----------------------------------------  -----  ---------  --------  ----------  --------------  -------------------  ----------------------
/opt/airflow/dags/driven_data_pipline.py                           1           0  0.31s           2025-05-08T11:55:17                      12
================================================================================
[2025-05-08T11:56:05.039+0000] {manager.py:821} INFO - Searching for files in /opt/airflow/dags
[2025-05-08T11:56:05.049+0000] {manager.py:824} INFO - There are 1 files in /opt/airflow/dags
[2025-05-08T11:56:12.098+0000] {manager.py:997} INFO - 
================================================================================
DAG File Processing Stats

File Path                                 PID    Runtime      # DAGs    # Errors  Last Runtime    Last Run               Last # of DB Queries
----------------------------------------  -----  ---------  --------  ----------  --------------  -------------------  ----------------------
/opt/airflow/dags/driven_data_pipline.py                           1           0  0.24s           2025-05-08T11:55:48                      12
================================================================================
[2025-05-08T11:56:42.372+0000] {manager.py:997} INFO - 
================================================================================
DAG File Processing Stats

File Path                                 PID    Runtime      # DAGs    # Errors  Last Runtime    Last Run               Last # of DB Queries
----------------------------------------  -----  ---------  --------  ----------  --------------  -------------------  ----------------------
/opt/airflow/dags/driven_data_pipline.py                           1           0  0.22s           2025-05-08T11:56:18                      12
================================================================================
[2025-05-08T11:57:12.726+0000] {manager.py:997} INFO - 
================================================================================
DAG File Processing Stats

File Path                                 PID    Runtime      # DAGs    # Errors  Last Runtime    Last Run               Last # of DB Queries
----------------------------------------  -----  ---------  --------  ----------  --------------  -------------------  ----------------------
/opt/airflow/dags/driven_data_pipline.py                           1           0  0.20s           2025-05-08T11:56:48                      12
================================================================================
[2025-05-08T11:57:42.919+0000] {manager.py:997} INFO - 
================================================================================
DAG File Processing Stats

File Path                                 PID    Runtime      # DAGs    # Errors  Last Runtime    Last Run               Last # of DB Queries
----------------------------------------  -----  ---------  --------  ----------  --------------  -------------------  ----------------------
/opt/airflow/dags/driven_data_pipline.py                           1           0  0.19s           2025-05-08T11:57:18                      12
================================================================================
[2025-05-08T11:58:13.260+0000] {manager.py:997} INFO - 
================================================================================
DAG File Processing Stats

File Path                                 PID    Runtime      # DAGs    # Errors  Last Runtime    Last Run               Last # of DB Queries
----------------------------------------  -----  ---------  --------  ----------  --------------  -------------------  ----------------------
/opt/airflow/dags/driven_data_pipline.py                           1           0  0.22s           2025-05-08T11:57:49                      12
================================================================================
[2025-05-08T11:58:43.664+0000] {manager.py:997} INFO - 
================================================================================
DAG File Processing Stats

File Path                                 PID    Runtime      # DAGs    # Errors  Last Runtime    Last Run               Last # of DB Queries
----------------------------------------  -----  ---------  --------  ----------  --------------  -------------------  ----------------------
/opt/airflow/dags/driven_data_pipline.py                           1           0  0.21s           2025-05-08T11:58:19                      12
================================================================================
[2025-05-08T11:59:14.025+0000] {manager.py:997} INFO - 
================================================================================
DAG File Processing Stats

File Path                                 PID    Runtime      # DAGs    # Errors  Last Runtime    Last Run               Last # of DB Queries
----------------------------------------  -----  ---------  --------  ----------  --------------  -------------------  ----------------------
/opt/airflow/dags/driven_data_pipline.py                           1           0  0.20s           2025-05-08T11:58:50                      12
================================================================================
[2025-05-08T11:59:44.381+0000] {manager.py:997} INFO - 
================================================================================
DAG File Processing Stats

File Path                                 PID    Runtime      # DAGs    # Errors  Last Runtime    Last Run               Last # of DB Queries
----------------------------------------  -----  ---------  --------  ----------  --------------  -------------------  ----------------------
/opt/airflow/dags/driven_data_pipline.py                           1           0  0.19s           2025-05-08T11:59:20                      12
================================================================================
[2025-05-08T12:00:14.718+0000] {manager.py:997} INFO - 
================================================================================
DAG File Processing Stats

File Path                                 PID    Runtime      # DAGs    # Errors  Last Runtime    Last Run               Last # of DB Queries
----------------------------------------  -----  ---------  --------  ----------  --------------  -------------------  ----------------------
/opt/airflow/dags/driven_data_pipline.py                           1           0  2.79s           2025-05-08T11:59:53                      12
================================================================================
[2025-05-08T12:00:44.896+0000] {manager.py:997} INFO - 
================================================================================
DAG File Processing Stats

File Path                                 PID    Runtime      # DAGs    # Errors  Last Runtime    Last Run               Last # of DB Queries
----------------------------------------  -----  ---------  --------  ----------  --------------  -------------------  ----------------------
/opt/airflow/dags/driven_data_pipline.py                           1           0  0.19s           2025-05-08T12:00:23                      12
================================================================================
[2025-05-08T12:01:05.221+0000] {manager.py:821} INFO - Searching for files in /opt/airflow/dags
[2025-05-08T12:01:05.230+0000] {manager.py:824} INFO - There are 1 files in /opt/airflow/dags
[2025-05-08T12:01:15.298+0000] {manager.py:997} INFO - 
================================================================================
DAG File Processing Stats

File Path                                 PID    Runtime      # DAGs    # Errors  Last Runtime    Last Run               Last # of DB Queries
----------------------------------------  -----  ---------  --------  ----------  --------------  -------------------  ----------------------
/opt/airflow/dags/driven_data_pipline.py                           1           0  0.21s           2025-05-08T12:00:54                      12
================================================================================
[2025-05-08T12:01:45.703+0000] {manager.py:997} INFO - 
================================================================================
DAG File Processing Stats

File Path                                   PID  Runtime      # DAGs    # Errors  Last Runtime    Last Run               Last # of DB Queries
----------------------------------------  -----  ---------  --------  ----------  --------------  -------------------  ----------------------
/opt/airflow/dags/driven_data_pipline.py    448  0.01s             1           0  0.26s           2025-05-08T12:01:24                      12
================================================================================
[2025-05-08T12:02:16.123+0000] {manager.py:997} INFO - 
================================================================================
DAG File Processing Stats

File Path                                   PID  Runtime      # DAGs    # Errors  Last Runtime    Last Run               Last # of DB Queries
----------------------------------------  -----  ---------  --------  ----------  --------------  -------------------  ----------------------
/opt/airflow/dags/driven_data_pipline.py    462  0.00s             1           0  0.34s           2025-05-08T12:01:46                      12
================================================================================
[2025-05-08T12:02:46.397+0000] {manager.py:997} INFO - 
================================================================================
DAG File Processing Stats

File Path                                   PID  Runtime      # DAGs    # Errors  Last Runtime    Last Run               Last # of DB Queries
----------------------------------------  -----  ---------  --------  ----------  --------------  -------------------  ----------------------
/opt/airflow/dags/driven_data_pipline.py    476  0.00s             1           0  0.19s           2025-05-08T12:02:16                      12
================================================================================
[2025-05-08T12:03:16.669+0000] {manager.py:997} INFO - 
================================================================================
DAG File Processing Stats

File Path                                   PID  Runtime      # DAGs    # Errors  Last Runtime    Last Run               Last # of DB Queries
----------------------------------------  -----  ---------  --------  ----------  --------------  -------------------  ----------------------
/opt/airflow/dags/driven_data_pipline.py    490  0.01s             1           0  0.19s           2025-05-08T12:02:46                      12
================================================================================
[2025-05-08T12:03:47.029+0000] {manager.py:997} INFO - 
================================================================================
DAG File Processing Stats

File Path                                   PID  Runtime      # DAGs    # Errors  Last Runtime    Last Run               Last # of DB Queries
----------------------------------------  -----  ---------  --------  ----------  --------------  -------------------  ----------------------
/opt/airflow/dags/driven_data_pipline.py    504  0.00s             1           0  0.26s           2025-05-08T12:03:16                      12
================================================================================
[2025-05-08T12:04:17.352+0000] {manager.py:997} INFO - 
================================================================================
DAG File Processing Stats

File Path                                   PID  Runtime      # DAGs    # Errors  Last Runtime    Last Run               Last # of DB Queries
----------------------------------------  -----  ---------  --------  ----------  --------------  -------------------  ----------------------
/opt/airflow/dags/driven_data_pipline.py    518  0.01s             1           0  0.19s           2025-05-08T12:03:47                      12
================================================================================
[2025-05-08T12:04:47.591+0000] {manager.py:997} INFO - 
================================================================================
DAG File Processing Stats

File Path                                   PID  Runtime      # DAGs    # Errors  Last Runtime    Last Run               Last # of DB Queries
----------------------------------------  -----  ---------  --------  ----------  --------------  -------------------  ----------------------
/opt/airflow/dags/driven_data_pipline.py    532  0.00s             1           0  0.22s           2025-05-08T12:04:17                      12
================================================================================
[2025-05-08T12:05:17.998+0000] {manager.py:997} INFO - 
================================================================================
DAG File Processing Stats

File Path                                   PID  Runtime      # DAGs    # Errors  Last Runtime    Last Run               Last # of DB Queries
----------------------------------------  -----  ---------  --------  ----------  --------------  -------------------  ----------------------
/opt/airflow/dags/driven_data_pipline.py    546  0.00s             1           0  0.21s           2025-05-08T12:04:47                      12
================================================================================
[2025-05-08T12:05:48.219+0000] {manager.py:997} INFO - 
================================================================================
DAG File Processing Stats

File Path                                   PID  Runtime      # DAGs    # Errors  Last Runtime    Last Run               Last # of DB Queries
----------------------------------------  -----  ---------  --------  ----------  --------------  -------------------  ----------------------
/opt/airflow/dags/driven_data_pipline.py    560  0.00s             1           0  0.19s           2025-05-08T12:05:18                      12
================================================================================
[2025-05-08T12:06:05.482+0000] {manager.py:821} INFO - Searching for files in /opt/airflow/dags
[2025-05-08T12:06:05.493+0000] {manager.py:824} INFO - There are 1 files in /opt/airflow/dags
[2025-05-08T12:06:18.592+0000] {manager.py:997} INFO - 
================================================================================
DAG File Processing Stats

File Path                                   PID  Runtime      # DAGs    # Errors  Last Runtime    Last Run               Last # of DB Queries
----------------------------------------  -----  ---------  --------  ----------  --------------  -------------------  ----------------------
/opt/airflow/dags/driven_data_pipline.py    574  0.00s             1           0  0.20s           2025-05-08T12:05:48                      12
================================================================================
[2025-05-08T12:06:48.821+0000] {manager.py:997} INFO - 
================================================================================
DAG File Processing Stats

File Path                                   PID  Runtime      # DAGs    # Errors  Last Runtime    Last Run               Last # of DB Queries
----------------------------------------  -----  ---------  --------  ----------  --------------  -------------------  ----------------------
/opt/airflow/dags/driven_data_pipline.py    588  0.00s             1           0  0.22s           2025-05-08T12:06:18                      12
================================================================================
[2025-05-08T12:07:18.992+0000] {manager.py:997} INFO - 
================================================================================
DAG File Processing Stats

File Path                                 PID    Runtime      # DAGs    # Errors  Last Runtime    Last Run               Last # of DB Queries
----------------------------------------  -----  ---------  --------  ----------  --------------  -------------------  ----------------------
/opt/airflow/dags/driven_data_pipline.py                           1           0  0.21s           2025-05-08T12:06:49                      12
================================================================================
[2025-05-08T12:07:49.354+0000] {manager.py:997} INFO - 
================================================================================
DAG File Processing Stats

File Path                                 PID    Runtime      # DAGs    # Errors  Last Runtime    Last Run               Last # of DB Queries
----------------------------------------  -----  ---------  --------  ----------  --------------  -------------------  ----------------------
/opt/airflow/dags/driven_data_pipline.py                           1           0  0.21s           2025-05-08T12:07:19                      12
================================================================================
[2025-05-08T12:08:19.721+0000] {manager.py:997} INFO - 
================================================================================
DAG File Processing Stats

File Path                                 PID    Runtime      # DAGs    # Errors  Last Runtime    Last Run               Last # of DB Queries
----------------------------------------  -----  ---------  --------  ----------  --------------  -------------------  ----------------------
/opt/airflow/dags/driven_data_pipline.py                           1           0  0.22s           2025-05-08T12:07:49                      12
================================================================================
[2025-05-08T12:08:50.109+0000] {manager.py:997} INFO - 
================================================================================
DAG File Processing Stats

File Path                                 PID    Runtime      # DAGs    # Errors  Last Runtime    Last Run               Last # of DB Queries
----------------------------------------  -----  ---------  --------  ----------  --------------  -------------------  ----------------------
/opt/airflow/dags/driven_data_pipline.py                           1           0  0.21s           2025-05-08T12:08:20                      12
================================================================================
[2025-05-08T12:08:56.533+0000] {manager.py:465} INFO - Exiting gracefully upon receiving signal 15
