[2025-04-11T15:53:00.452+0000] {processor.py:186} INFO - Started process (PID=355) to work on /opt/airflow/dags/driven_data_pipline.py
[2025-04-11T15:53:00.453+0000] {processor.py:914} INFO - Processing file /opt/airflow/dags/driven_data_pipline.py for tasks to queue
[2025-04-11T15:53:00.456+0000] {logging_mixin.py:190} INFO - [2025-04-11T15:53:00.454+0000] {dagbag.py:588} INFO - Filling up the DagBag from /opt/airflow/dags/driven_data_pipline.py
[2025-04-11T15:53:00.823+0000] {processor.py:925} INFO - DAG(s) 'extract_raw_data_pipeline' retrieved from /opt/airflow/dags/driven_data_pipline.py
[2025-04-11T15:53:00.991+0000] {logging_mixin.py:190} INFO - [2025-04-11T15:53:00.990+0000] {override.py:1900} INFO - Created Permission View: can edit on DAG:extract_raw_data_pipeline
[2025-04-11T15:53:01.000+0000] {logging_mixin.py:190} INFO - [2025-04-11T15:53:00.999+0000] {override.py:1900} INFO - Created Permission View: can delete on DAG:extract_raw_data_pipeline
[2025-04-11T15:53:01.005+0000] {logging_mixin.py:190} INFO - [2025-04-11T15:53:01.005+0000] {override.py:1900} INFO - Created Permission View: can read on DAG:extract_raw_data_pipeline
[2025-04-11T15:53:01.012+0000] {logging_mixin.py:190} INFO - [2025-04-11T15:53:01.012+0000] {override.py:1900} INFO - Created Permission View: can delete on DAG Run:extract_raw_data_pipeline
[2025-04-11T15:53:01.017+0000] {logging_mixin.py:190} INFO - [2025-04-11T15:53:01.017+0000] {override.py:1900} INFO - Created Permission View: can create on DAG Run:extract_raw_data_pipeline
[2025-04-11T15:53:01.022+0000] {logging_mixin.py:190} INFO - [2025-04-11T15:53:01.022+0000] {override.py:1900} INFO - Created Permission View: menu access on DAG Run:extract_raw_data_pipeline
[2025-04-11T15:53:01.027+0000] {logging_mixin.py:190} INFO - [2025-04-11T15:53:01.027+0000] {override.py:1900} INFO - Created Permission View: can read on DAG Run:extract_raw_data_pipeline
[2025-04-11T15:53:01.028+0000] {logging_mixin.py:190} INFO - [2025-04-11T15:53:01.028+0000] {dag.py:3239} INFO - Sync 1 DAGs
[2025-04-11T15:53:01.036+0000] {logging_mixin.py:190} INFO - [2025-04-11T15:53:01.036+0000] {dag.py:3262} INFO - Creating ORM DAG for extract_raw_data_pipeline
[2025-04-11T15:53:01.043+0000] {logging_mixin.py:190} INFO - [2025-04-11T15:53:01.043+0000] {dag.py:4180} INFO - Setting next_dagrun for extract_raw_data_pipeline to 2025-04-11 07:58:00+00:00, run_after=2025-04-11 07:59:00+00:00
[2025-04-11T15:53:01.058+0000] {processor.py:208} INFO - Processing /opt/airflow/dags/driven_data_pipline.py took 0.611 seconds
[2025-04-11T15:53:31.343+0000] {processor.py:186} INFO - Started process (PID=363) to work on /opt/airflow/dags/driven_data_pipline.py
[2025-04-11T15:53:31.344+0000] {processor.py:914} INFO - Processing file /opt/airflow/dags/driven_data_pipline.py for tasks to queue
[2025-04-11T15:53:31.347+0000] {logging_mixin.py:190} INFO - [2025-04-11T15:53:31.346+0000] {dagbag.py:588} INFO - Filling up the DagBag from /opt/airflow/dags/driven_data_pipline.py
[2025-04-11T15:53:31.631+0000] {processor.py:925} INFO - DAG(s) 'extract_raw_data_pipeline' retrieved from /opt/airflow/dags/driven_data_pipline.py
[2025-04-11T15:53:31.649+0000] {logging_mixin.py:190} INFO - [2025-04-11T15:53:31.648+0000] {dag.py:3239} INFO - Sync 1 DAGs
[2025-04-11T15:53:31.665+0000] {logging_mixin.py:190} INFO - [2025-04-11T15:53:31.664+0000] {dag.py:4180} INFO - Setting next_dagrun for extract_raw_data_pipeline to 2025-04-11 07:58:00+00:00, run_after=2025-04-11 07:59:00+00:00
[2025-04-11T15:53:31.681+0000] {processor.py:208} INFO - Processing /opt/airflow/dags/driven_data_pipline.py took 0.345 seconds
[2025-04-11T15:54:02.030+0000] {processor.py:186} INFO - Started process (PID=371) to work on /opt/airflow/dags/driven_data_pipline.py
[2025-04-11T15:54:02.031+0000] {processor.py:914} INFO - Processing file /opt/airflow/dags/driven_data_pipline.py for tasks to queue
[2025-04-11T15:54:02.033+0000] {logging_mixin.py:190} INFO - [2025-04-11T15:54:02.033+0000] {dagbag.py:588} INFO - Filling up the DagBag from /opt/airflow/dags/driven_data_pipline.py
[2025-04-11T15:54:02.154+0000] {processor.py:925} INFO - DAG(s) 'extract_raw_data_pipeline' retrieved from /opt/airflow/dags/driven_data_pipline.py
[2025-04-11T15:54:02.173+0000] {logging_mixin.py:190} INFO - [2025-04-11T15:54:02.173+0000] {dag.py:3239} INFO - Sync 1 DAGs
[2025-04-11T15:54:02.192+0000] {logging_mixin.py:190} INFO - [2025-04-11T15:54:02.192+0000] {dag.py:4180} INFO - Setting next_dagrun for extract_raw_data_pipeline to 2025-04-11 07:58:00+00:00, run_after=2025-04-11 07:59:00+00:00
[2025-04-11T15:54:02.209+0000] {processor.py:208} INFO - Processing /opt/airflow/dags/driven_data_pipline.py took 0.184 seconds
[2025-04-11T15:54:32.254+0000] {processor.py:186} INFO - Started process (PID=388) to work on /opt/airflow/dags/driven_data_pipline.py
[2025-04-11T15:54:32.255+0000] {processor.py:914} INFO - Processing file /opt/airflow/dags/driven_data_pipline.py for tasks to queue
[2025-04-11T15:54:32.258+0000] {logging_mixin.py:190} INFO - [2025-04-11T15:54:32.258+0000] {dagbag.py:588} INFO - Filling up the DagBag from /opt/airflow/dags/driven_data_pipline.py
[2025-04-11T15:54:32.432+0000] {processor.py:925} INFO - DAG(s) 'extract_raw_data_pipeline' retrieved from /opt/airflow/dags/driven_data_pipline.py
[2025-04-11T15:54:32.455+0000] {logging_mixin.py:190} INFO - [2025-04-11T15:54:32.454+0000] {dag.py:3239} INFO - Sync 1 DAGs
[2025-04-11T15:54:32.473+0000] {logging_mixin.py:190} INFO - [2025-04-11T15:54:32.473+0000] {dag.py:4180} INFO - Setting next_dagrun for extract_raw_data_pipeline to 2025-04-11 07:59:00+00:00, run_after=2025-04-12 07:00:00+00:00
[2025-04-11T15:54:32.489+0000] {processor.py:208} INFO - Processing /opt/airflow/dags/driven_data_pipline.py took 0.247 seconds
[2025-04-11T15:55:02.688+0000] {processor.py:186} INFO - Started process (PID=396) to work on /opt/airflow/dags/driven_data_pipline.py
[2025-04-11T15:55:02.688+0000] {processor.py:914} INFO - Processing file /opt/airflow/dags/driven_data_pipline.py for tasks to queue
[2025-04-11T15:55:02.691+0000] {logging_mixin.py:190} INFO - [2025-04-11T15:55:02.690+0000] {dagbag.py:588} INFO - Filling up the DagBag from /opt/airflow/dags/driven_data_pipline.py
[2025-04-11T15:55:02.822+0000] {processor.py:925} INFO - DAG(s) 'extract_raw_data_pipeline' retrieved from /opt/airflow/dags/driven_data_pipline.py
[2025-04-11T15:55:02.845+0000] {logging_mixin.py:190} INFO - [2025-04-11T15:55:02.845+0000] {dag.py:3239} INFO - Sync 1 DAGs
[2025-04-11T15:55:02.865+0000] {logging_mixin.py:190} INFO - [2025-04-11T15:55:02.865+0000] {dag.py:4180} INFO - Setting next_dagrun for extract_raw_data_pipeline to 2025-04-11 07:59:00+00:00, run_after=2025-04-12 07:00:00+00:00
[2025-04-11T15:55:02.886+0000] {processor.py:208} INFO - Processing /opt/airflow/dags/driven_data_pipline.py took 0.204 seconds
[2025-04-11T15:55:32.978+0000] {processor.py:186} INFO - Started process (PID=404) to work on /opt/airflow/dags/driven_data_pipline.py
[2025-04-11T15:55:32.978+0000] {processor.py:914} INFO - Processing file /opt/airflow/dags/driven_data_pipline.py for tasks to queue
[2025-04-11T15:55:32.981+0000] {logging_mixin.py:190} INFO - [2025-04-11T15:55:32.981+0000] {dagbag.py:588} INFO - Filling up the DagBag from /opt/airflow/dags/driven_data_pipline.py
[2025-04-11T15:55:33.113+0000] {processor.py:925} INFO - DAG(s) 'extract_raw_data_pipeline' retrieved from /opt/airflow/dags/driven_data_pipline.py
[2025-04-11T15:55:33.133+0000] {logging_mixin.py:190} INFO - [2025-04-11T15:55:33.132+0000] {dag.py:3239} INFO - Sync 1 DAGs
[2025-04-11T15:55:33.153+0000] {logging_mixin.py:190} INFO - [2025-04-11T15:55:33.152+0000] {dag.py:4180} INFO - Setting next_dagrun for extract_raw_data_pipeline to 2025-04-11 07:59:00+00:00, run_after=2025-04-12 07:00:00+00:00
[2025-04-11T15:55:33.170+0000] {processor.py:208} INFO - Processing /opt/airflow/dags/driven_data_pipline.py took 0.198 seconds
[2025-04-11T15:56:03.308+0000] {processor.py:186} INFO - Started process (PID=412) to work on /opt/airflow/dags/driven_data_pipline.py
[2025-04-11T15:56:03.309+0000] {processor.py:914} INFO - Processing file /opt/airflow/dags/driven_data_pipline.py for tasks to queue
[2025-04-11T15:56:03.312+0000] {logging_mixin.py:190} INFO - [2025-04-11T15:56:03.311+0000] {dagbag.py:588} INFO - Filling up the DagBag from /opt/airflow/dags/driven_data_pipline.py
[2025-04-11T15:56:03.453+0000] {processor.py:925} INFO - DAG(s) 'extract_raw_data_pipeline' retrieved from /opt/airflow/dags/driven_data_pipline.py
[2025-04-11T15:56:03.474+0000] {logging_mixin.py:190} INFO - [2025-04-11T15:56:03.473+0000] {dag.py:3239} INFO - Sync 1 DAGs
[2025-04-11T15:56:03.493+0000] {logging_mixin.py:190} INFO - [2025-04-11T15:56:03.493+0000] {dag.py:4180} INFO - Setting next_dagrun for extract_raw_data_pipeline to 2025-04-11 07:59:00+00:00, run_after=2025-04-12 07:00:00+00:00
[2025-04-11T15:56:03.509+0000] {processor.py:208} INFO - Processing /opt/airflow/dags/driven_data_pipline.py took 0.206 seconds
[2025-04-11T15:56:33.615+0000] {processor.py:186} INFO - Started process (PID=420) to work on /opt/airflow/dags/driven_data_pipline.py
[2025-04-11T15:56:33.617+0000] {processor.py:914} INFO - Processing file /opt/airflow/dags/driven_data_pipline.py for tasks to queue
[2025-04-11T15:56:33.619+0000] {logging_mixin.py:190} INFO - [2025-04-11T15:56:33.619+0000] {dagbag.py:588} INFO - Filling up the DagBag from /opt/airflow/dags/driven_data_pipline.py
[2025-04-11T15:56:33.763+0000] {processor.py:925} INFO - DAG(s) 'extract_raw_data_pipeline' retrieved from /opt/airflow/dags/driven_data_pipline.py
[2025-04-11T15:56:33.785+0000] {logging_mixin.py:190} INFO - [2025-04-11T15:56:33.784+0000] {dag.py:3239} INFO - Sync 1 DAGs
[2025-04-11T15:56:33.802+0000] {logging_mixin.py:190} INFO - [2025-04-11T15:56:33.802+0000] {dag.py:4180} INFO - Setting next_dagrun for extract_raw_data_pipeline to 2025-04-11 07:59:00+00:00, run_after=2025-04-12 07:00:00+00:00
[2025-04-11T15:56:33.822+0000] {processor.py:208} INFO - Processing /opt/airflow/dags/driven_data_pipline.py took 0.213 seconds
[2025-04-11T15:57:03.965+0000] {processor.py:186} INFO - Started process (PID=428) to work on /opt/airflow/dags/driven_data_pipline.py
[2025-04-11T15:57:03.966+0000] {processor.py:914} INFO - Processing file /opt/airflow/dags/driven_data_pipline.py for tasks to queue
[2025-04-11T15:57:03.969+0000] {logging_mixin.py:190} INFO - [2025-04-11T15:57:03.968+0000] {dagbag.py:588} INFO - Filling up the DagBag from /opt/airflow/dags/driven_data_pipline.py
[2025-04-11T15:57:04.158+0000] {processor.py:925} INFO - DAG(s) 'extract_raw_data_pipeline' retrieved from /opt/airflow/dags/driven_data_pipline.py
[2025-04-11T15:57:04.182+0000] {logging_mixin.py:190} INFO - [2025-04-11T15:57:04.181+0000] {dag.py:3239} INFO - Sync 1 DAGs
[2025-04-11T15:57:04.200+0000] {logging_mixin.py:190} INFO - [2025-04-11T15:57:04.200+0000] {dag.py:4180} INFO - Setting next_dagrun for extract_raw_data_pipeline to 2025-04-11 07:59:00+00:00, run_after=2025-04-12 07:00:00+00:00
[2025-04-11T15:57:04.215+0000] {processor.py:208} INFO - Processing /opt/airflow/dags/driven_data_pipline.py took 0.255 seconds
[2025-04-11T15:57:34.306+0000] {processor.py:186} INFO - Started process (PID=442) to work on /opt/airflow/dags/driven_data_pipline.py
[2025-04-11T15:57:34.307+0000] {processor.py:914} INFO - Processing file /opt/airflow/dags/driven_data_pipline.py for tasks to queue
[2025-04-11T15:57:34.310+0000] {logging_mixin.py:190} INFO - [2025-04-11T15:57:34.310+0000] {dagbag.py:588} INFO - Filling up the DagBag from /opt/airflow/dags/driven_data_pipline.py
[2025-04-11T15:57:34.451+0000] {processor.py:925} INFO - DAG(s) 'extract_raw_data_pipeline' retrieved from /opt/airflow/dags/driven_data_pipline.py
[2025-04-11T15:57:34.471+0000] {logging_mixin.py:190} INFO - [2025-04-11T15:57:34.471+0000] {dag.py:3239} INFO - Sync 1 DAGs
[2025-04-11T15:57:34.490+0000] {logging_mixin.py:190} INFO - [2025-04-11T15:57:34.490+0000] {dag.py:4180} INFO - Setting next_dagrun for extract_raw_data_pipeline to 2025-04-11 07:59:00+00:00, run_after=2025-04-12 07:00:00+00:00
[2025-04-11T15:57:34.508+0000] {processor.py:208} INFO - Processing /opt/airflow/dags/driven_data_pipline.py took 0.209 seconds
[2025-04-11T15:58:04.662+0000] {processor.py:186} INFO - Started process (PID=451) to work on /opt/airflow/dags/driven_data_pipline.py
[2025-04-11T15:58:04.663+0000] {processor.py:914} INFO - Processing file /opt/airflow/dags/driven_data_pipline.py for tasks to queue
[2025-04-11T15:58:04.665+0000] {logging_mixin.py:190} INFO - [2025-04-11T15:58:04.665+0000] {dagbag.py:588} INFO - Filling up the DagBag from /opt/airflow/dags/driven_data_pipline.py
[2025-04-11T15:58:04.799+0000] {processor.py:925} INFO - DAG(s) 'extract_raw_data_pipeline' retrieved from /opt/airflow/dags/driven_data_pipline.py
[2025-04-11T15:58:04.821+0000] {logging_mixin.py:190} INFO - [2025-04-11T15:58:04.821+0000] {dag.py:3239} INFO - Sync 1 DAGs
[2025-04-11T15:58:04.844+0000] {logging_mixin.py:190} INFO - [2025-04-11T15:58:04.843+0000] {dag.py:4180} INFO - Setting next_dagrun for extract_raw_data_pipeline to 2025-04-11 07:59:00+00:00, run_after=2025-04-12 07:00:00+00:00
[2025-04-11T15:58:04.862+0000] {processor.py:208} INFO - Processing /opt/airflow/dags/driven_data_pipline.py took 0.206 seconds
[2025-04-11T15:58:34.943+0000] {processor.py:186} INFO - Started process (PID=460) to work on /opt/airflow/dags/driven_data_pipline.py
[2025-04-11T15:58:34.944+0000] {processor.py:914} INFO - Processing file /opt/airflow/dags/driven_data_pipline.py for tasks to queue
[2025-04-11T15:58:34.947+0000] {logging_mixin.py:190} INFO - [2025-04-11T15:58:34.946+0000] {dagbag.py:588} INFO - Filling up the DagBag from /opt/airflow/dags/driven_data_pipline.py
[2025-04-11T15:58:35.084+0000] {processor.py:925} INFO - DAG(s) 'extract_raw_data_pipeline' retrieved from /opt/airflow/dags/driven_data_pipline.py
[2025-04-11T15:58:35.105+0000] {logging_mixin.py:190} INFO - [2025-04-11T15:58:35.105+0000] {dag.py:3239} INFO - Sync 1 DAGs
[2025-04-11T15:58:35.124+0000] {logging_mixin.py:190} INFO - [2025-04-11T15:58:35.124+0000] {dag.py:4180} INFO - Setting next_dagrun for extract_raw_data_pipeline to 2025-04-11 07:59:00+00:00, run_after=2025-04-12 07:00:00+00:00
[2025-04-11T15:58:35.142+0000] {processor.py:208} INFO - Processing /opt/airflow/dags/driven_data_pipline.py took 0.205 seconds
[2025-04-11T15:59:05.339+0000] {processor.py:186} INFO - Started process (PID=468) to work on /opt/airflow/dags/driven_data_pipline.py
[2025-04-11T15:59:05.340+0000] {processor.py:914} INFO - Processing file /opt/airflow/dags/driven_data_pipline.py for tasks to queue
[2025-04-11T15:59:05.343+0000] {logging_mixin.py:190} INFO - [2025-04-11T15:59:05.342+0000] {dagbag.py:588} INFO - Filling up the DagBag from /opt/airflow/dags/driven_data_pipline.py
[2025-04-11T15:59:05.482+0000] {processor.py:925} INFO - DAG(s) 'extract_raw_data_pipeline' retrieved from /opt/airflow/dags/driven_data_pipline.py
[2025-04-11T15:59:05.503+0000] {logging_mixin.py:190} INFO - [2025-04-11T15:59:05.503+0000] {dag.py:3239} INFO - Sync 1 DAGs
[2025-04-11T15:59:05.523+0000] {logging_mixin.py:190} INFO - [2025-04-11T15:59:05.523+0000] {dag.py:4180} INFO - Setting next_dagrun for extract_raw_data_pipeline to 2025-04-11 07:59:00+00:00, run_after=2025-04-12 07:00:00+00:00
[2025-04-11T15:59:05.541+0000] {processor.py:208} INFO - Processing /opt/airflow/dags/driven_data_pipline.py took 0.208 seconds
[2025-04-11T15:59:35.613+0000] {processor.py:186} INFO - Started process (PID=476) to work on /opt/airflow/dags/driven_data_pipline.py
[2025-04-11T15:59:35.614+0000] {processor.py:914} INFO - Processing file /opt/airflow/dags/driven_data_pipline.py for tasks to queue
[2025-04-11T15:59:35.616+0000] {logging_mixin.py:190} INFO - [2025-04-11T15:59:35.616+0000] {dagbag.py:588} INFO - Filling up the DagBag from /opt/airflow/dags/driven_data_pipline.py
[2025-04-11T15:59:35.748+0000] {processor.py:925} INFO - DAG(s) 'extract_raw_data_pipeline' retrieved from /opt/airflow/dags/driven_data_pipline.py
[2025-04-11T15:59:35.772+0000] {logging_mixin.py:190} INFO - [2025-04-11T15:59:35.772+0000] {dag.py:3239} INFO - Sync 1 DAGs
[2025-04-11T15:59:35.793+0000] {logging_mixin.py:190} INFO - [2025-04-11T15:59:35.793+0000] {dag.py:4180} INFO - Setting next_dagrun for extract_raw_data_pipeline to 2025-04-11 07:59:00+00:00, run_after=2025-04-12 07:00:00+00:00
[2025-04-11T15:59:35.811+0000] {processor.py:208} INFO - Processing /opt/airflow/dags/driven_data_pipline.py took 0.203 seconds
[2025-04-11T15:59:43.858+0000] {processor.py:186} INFO - Started process (PID=478) to work on /opt/airflow/dags/driven_data_pipline.py
[2025-04-11T15:59:43.858+0000] {processor.py:914} INFO - Processing file /opt/airflow/dags/driven_data_pipline.py for tasks to queue
[2025-04-11T15:59:43.861+0000] {logging_mixin.py:190} INFO - [2025-04-11T15:59:43.861+0000] {dagbag.py:588} INFO - Filling up the DagBag from /opt/airflow/dags/driven_data_pipline.py
[2025-04-11T15:59:44.001+0000] {processor.py:925} INFO - DAG(s) 'extract_raw_data_pipeline' retrieved from /opt/airflow/dags/driven_data_pipline.py
[2025-04-11T15:59:44.024+0000] {logging_mixin.py:190} INFO - [2025-04-11T15:59:44.024+0000] {dag.py:3239} INFO - Sync 1 DAGs
[2025-04-11T15:59:44.047+0000] {logging_mixin.py:190} INFO - [2025-04-11T15:59:44.047+0000] {dag.py:4180} INFO - Setting next_dagrun for extract_raw_data_pipeline to 2025-04-11 07:59:00+00:00, run_after=2025-04-12 07:00:00+00:00
[2025-04-11T15:59:44.072+0000] {processor.py:208} INFO - Processing /opt/airflow/dags/driven_data_pipline.py took 0.220 seconds
[2025-04-11T16:00:14.293+0000] {processor.py:186} INFO - Started process (PID=486) to work on /opt/airflow/dags/driven_data_pipline.py
[2025-04-11T16:00:14.294+0000] {processor.py:914} INFO - Processing file /opt/airflow/dags/driven_data_pipline.py for tasks to queue
[2025-04-11T16:00:14.296+0000] {logging_mixin.py:190} INFO - [2025-04-11T16:00:14.296+0000] {dagbag.py:588} INFO - Filling up the DagBag from /opt/airflow/dags/driven_data_pipline.py
[2025-04-11T16:00:14.438+0000] {processor.py:925} INFO - DAG(s) 'extract_raw_data_pipeline' retrieved from /opt/airflow/dags/driven_data_pipline.py
[2025-04-11T16:00:14.465+0000] {logging_mixin.py:190} INFO - [2025-04-11T16:00:14.465+0000] {dag.py:3239} INFO - Sync 1 DAGs
[2025-04-11T16:00:14.487+0000] {logging_mixin.py:190} INFO - [2025-04-11T16:00:14.487+0000] {dag.py:4180} INFO - Setting next_dagrun for extract_raw_data_pipeline to 2025-04-11 07:59:00+00:00, run_after=2025-04-12 07:00:00+00:00
[2025-04-11T16:00:14.505+0000] {processor.py:208} INFO - Processing /opt/airflow/dags/driven_data_pipline.py took 0.217 seconds
[2025-04-11T16:00:44.545+0000] {processor.py:186} INFO - Started process (PID=494) to work on /opt/airflow/dags/driven_data_pipline.py
[2025-04-11T16:00:44.546+0000] {processor.py:914} INFO - Processing file /opt/airflow/dags/driven_data_pipline.py for tasks to queue
[2025-04-11T16:00:44.548+0000] {logging_mixin.py:190} INFO - [2025-04-11T16:00:44.548+0000] {dagbag.py:588} INFO - Filling up the DagBag from /opt/airflow/dags/driven_data_pipline.py
[2025-04-11T16:00:44.680+0000] {processor.py:925} INFO - DAG(s) 'extract_raw_data_pipeline' retrieved from /opt/airflow/dags/driven_data_pipline.py
[2025-04-11T16:00:44.703+0000] {logging_mixin.py:190} INFO - [2025-04-11T16:00:44.703+0000] {dag.py:3239} INFO - Sync 1 DAGs
[2025-04-11T16:00:44.721+0000] {logging_mixin.py:190} INFO - [2025-04-11T16:00:44.721+0000] {dag.py:4180} INFO - Setting next_dagrun for extract_raw_data_pipeline to 2025-04-11 07:59:00+00:00, run_after=2025-04-12 07:00:00+00:00
[2025-04-11T16:00:44.737+0000] {processor.py:208} INFO - Processing /opt/airflow/dags/driven_data_pipline.py took 0.198 seconds
[2025-04-11T16:01:14.972+0000] {processor.py:186} INFO - Started process (PID=502) to work on /opt/airflow/dags/driven_data_pipline.py
[2025-04-11T16:01:14.973+0000] {processor.py:914} INFO - Processing file /opt/airflow/dags/driven_data_pipline.py for tasks to queue
[2025-04-11T16:01:14.975+0000] {logging_mixin.py:190} INFO - [2025-04-11T16:01:14.975+0000] {dagbag.py:588} INFO - Filling up the DagBag from /opt/airflow/dags/driven_data_pipline.py
[2025-04-11T16:01:15.103+0000] {processor.py:925} INFO - DAG(s) 'extract_raw_data_pipeline' retrieved from /opt/airflow/dags/driven_data_pipline.py
[2025-04-11T16:01:15.123+0000] {logging_mixin.py:190} INFO - [2025-04-11T16:01:15.123+0000] {dag.py:3239} INFO - Sync 1 DAGs
[2025-04-11T16:01:15.141+0000] {logging_mixin.py:190} INFO - [2025-04-11T16:01:15.141+0000] {dag.py:4180} INFO - Setting next_dagrun for extract_raw_data_pipeline to 2025-04-11 07:59:00+00:00, run_after=2025-04-12 07:00:00+00:00
[2025-04-11T16:01:15.157+0000] {processor.py:208} INFO - Processing /opt/airflow/dags/driven_data_pipline.py took 0.190 seconds
[2025-04-11T16:01:45.228+0000] {processor.py:186} INFO - Started process (PID=510) to work on /opt/airflow/dags/driven_data_pipline.py
[2025-04-11T16:01:45.229+0000] {processor.py:914} INFO - Processing file /opt/airflow/dags/driven_data_pipline.py for tasks to queue
[2025-04-11T16:01:45.231+0000] {logging_mixin.py:190} INFO - [2025-04-11T16:01:45.231+0000] {dagbag.py:588} INFO - Filling up the DagBag from /opt/airflow/dags/driven_data_pipline.py
[2025-04-11T16:01:45.353+0000] {processor.py:925} INFO - DAG(s) 'extract_raw_data_pipeline' retrieved from /opt/airflow/dags/driven_data_pipline.py
[2025-04-11T16:01:45.375+0000] {logging_mixin.py:190} INFO - [2025-04-11T16:01:45.374+0000] {dag.py:3239} INFO - Sync 1 DAGs
[2025-04-11T16:01:45.393+0000] {logging_mixin.py:190} INFO - [2025-04-11T16:01:45.393+0000] {dag.py:4180} INFO - Setting next_dagrun for extract_raw_data_pipeline to 2025-04-11 07:59:00+00:00, run_after=2025-04-12 07:00:00+00:00
[2025-04-11T16:01:45.412+0000] {processor.py:208} INFO - Processing /opt/airflow/dags/driven_data_pipline.py took 0.189 seconds
[2025-04-11T16:02:15.619+0000] {processor.py:186} INFO - Started process (PID=518) to work on /opt/airflow/dags/driven_data_pipline.py
[2025-04-11T16:02:15.620+0000] {processor.py:914} INFO - Processing file /opt/airflow/dags/driven_data_pipline.py for tasks to queue
[2025-04-11T16:02:15.622+0000] {logging_mixin.py:190} INFO - [2025-04-11T16:02:15.622+0000] {dagbag.py:588} INFO - Filling up the DagBag from /opt/airflow/dags/driven_data_pipline.py
[2025-04-11T16:02:15.745+0000] {processor.py:925} INFO - DAG(s) 'extract_raw_data_pipeline' retrieved from /opt/airflow/dags/driven_data_pipline.py
[2025-04-11T16:02:15.767+0000] {logging_mixin.py:190} INFO - [2025-04-11T16:02:15.767+0000] {dag.py:3239} INFO - Sync 1 DAGs
[2025-04-11T16:02:15.787+0000] {logging_mixin.py:190} INFO - [2025-04-11T16:02:15.786+0000] {dag.py:4180} INFO - Setting next_dagrun for extract_raw_data_pipeline to 2025-04-11 07:59:00+00:00, run_after=2025-04-12 07:00:00+00:00
[2025-04-11T16:02:15.802+0000] {processor.py:208} INFO - Processing /opt/airflow/dags/driven_data_pipline.py took 0.188 seconds
[2025-04-11T16:02:45.884+0000] {processor.py:186} INFO - Started process (PID=526) to work on /opt/airflow/dags/driven_data_pipline.py
[2025-04-11T16:02:45.885+0000] {processor.py:914} INFO - Processing file /opt/airflow/dags/driven_data_pipline.py for tasks to queue
[2025-04-11T16:02:45.887+0000] {logging_mixin.py:190} INFO - [2025-04-11T16:02:45.887+0000] {dagbag.py:588} INFO - Filling up the DagBag from /opt/airflow/dags/driven_data_pipline.py
[2025-04-11T16:02:46.009+0000] {processor.py:925} INFO - DAG(s) 'extract_raw_data_pipeline' retrieved from /opt/airflow/dags/driven_data_pipline.py
[2025-04-11T16:02:46.032+0000] {logging_mixin.py:190} INFO - [2025-04-11T16:02:46.031+0000] {dag.py:3239} INFO - Sync 1 DAGs
[2025-04-11T16:02:46.049+0000] {logging_mixin.py:190} INFO - [2025-04-11T16:02:46.049+0000] {dag.py:4180} INFO - Setting next_dagrun for extract_raw_data_pipeline to 2025-04-11 07:59:00+00:00, run_after=2025-04-12 07:00:00+00:00
[2025-04-11T16:02:46.067+0000] {processor.py:208} INFO - Processing /opt/airflow/dags/driven_data_pipline.py took 0.189 seconds
[2025-04-11T16:03:16.312+0000] {processor.py:186} INFO - Started process (PID=534) to work on /opt/airflow/dags/driven_data_pipline.py
[2025-04-11T16:03:16.312+0000] {processor.py:914} INFO - Processing file /opt/airflow/dags/driven_data_pipline.py for tasks to queue
[2025-04-11T16:03:16.315+0000] {logging_mixin.py:190} INFO - [2025-04-11T16:03:16.314+0000] {dagbag.py:588} INFO - Filling up the DagBag from /opt/airflow/dags/driven_data_pipline.py
[2025-04-11T16:03:16.462+0000] {processor.py:925} INFO - DAG(s) 'extract_raw_data_pipeline' retrieved from /opt/airflow/dags/driven_data_pipline.py
[2025-04-11T16:03:16.488+0000] {logging_mixin.py:190} INFO - [2025-04-11T16:03:16.488+0000] {dag.py:3239} INFO - Sync 1 DAGs
[2025-04-11T16:03:16.511+0000] {logging_mixin.py:190} INFO - [2025-04-11T16:03:16.511+0000] {dag.py:4180} INFO - Setting next_dagrun for extract_raw_data_pipeline to 2025-04-11 07:59:00+00:00, run_after=2025-04-12 07:00:00+00:00
[2025-04-11T16:03:16.529+0000] {processor.py:208} INFO - Processing /opt/airflow/dags/driven_data_pipline.py took 0.222 seconds
[2025-04-11T16:03:46.747+0000] {processor.py:186} INFO - Started process (PID=542) to work on /opt/airflow/dags/driven_data_pipline.py
[2025-04-11T16:03:46.748+0000] {processor.py:914} INFO - Processing file /opt/airflow/dags/driven_data_pipline.py for tasks to queue
[2025-04-11T16:03:46.751+0000] {logging_mixin.py:190} INFO - [2025-04-11T16:03:46.751+0000] {dagbag.py:588} INFO - Filling up the DagBag from /opt/airflow/dags/driven_data_pipline.py
[2025-04-11T16:03:46.897+0000] {processor.py:925} INFO - DAG(s) 'extract_raw_data_pipeline' retrieved from /opt/airflow/dags/driven_data_pipline.py
[2025-04-11T16:03:46.920+0000] {logging_mixin.py:190} INFO - [2025-04-11T16:03:46.920+0000] {dag.py:3239} INFO - Sync 1 DAGs
[2025-04-11T16:03:46.941+0000] {logging_mixin.py:190} INFO - [2025-04-11T16:03:46.940+0000] {dag.py:4180} INFO - Setting next_dagrun for extract_raw_data_pipeline to 2025-04-11 07:59:00+00:00, run_after=2025-04-12 07:00:00+00:00
[2025-04-11T16:03:46.958+0000] {processor.py:208} INFO - Processing /opt/airflow/dags/driven_data_pipline.py took 0.218 seconds
[2025-04-11T16:04:17.195+0000] {processor.py:186} INFO - Started process (PID=550) to work on /opt/airflow/dags/driven_data_pipline.py
[2025-04-11T16:04:17.196+0000] {processor.py:914} INFO - Processing file /opt/airflow/dags/driven_data_pipline.py for tasks to queue
[2025-04-11T16:04:17.199+0000] {logging_mixin.py:190} INFO - [2025-04-11T16:04:17.199+0000] {dagbag.py:588} INFO - Filling up the DagBag from /opt/airflow/dags/driven_data_pipline.py
[2025-04-11T16:04:17.366+0000] {processor.py:925} INFO - DAG(s) 'extract_raw_data_pipeline' retrieved from /opt/airflow/dags/driven_data_pipline.py
[2025-04-11T16:04:17.392+0000] {logging_mixin.py:190} INFO - [2025-04-11T16:04:17.392+0000] {dag.py:3239} INFO - Sync 1 DAGs
[2025-04-11T16:04:17.422+0000] {logging_mixin.py:190} INFO - [2025-04-11T16:04:17.422+0000] {dag.py:4180} INFO - Setting next_dagrun for extract_raw_data_pipeline to 2025-04-11 07:59:00+00:00, run_after=2025-04-12 07:00:00+00:00
[2025-04-11T16:04:17.444+0000] {processor.py:208} INFO - Processing /opt/airflow/dags/driven_data_pipline.py took 0.256 seconds
[2025-04-11T16:04:47.704+0000] {processor.py:186} INFO - Started process (PID=558) to work on /opt/airflow/dags/driven_data_pipline.py
[2025-04-11T16:04:47.705+0000] {processor.py:914} INFO - Processing file /opt/airflow/dags/driven_data_pipline.py for tasks to queue
[2025-04-11T16:04:47.707+0000] {logging_mixin.py:190} INFO - [2025-04-11T16:04:47.707+0000] {dagbag.py:588} INFO - Filling up the DagBag from /opt/airflow/dags/driven_data_pipline.py
[2025-04-11T16:04:47.841+0000] {processor.py:925} INFO - DAG(s) 'extract_raw_data_pipeline' retrieved from /opt/airflow/dags/driven_data_pipline.py
[2025-04-11T16:04:47.864+0000] {logging_mixin.py:190} INFO - [2025-04-11T16:04:47.863+0000] {dag.py:3239} INFO - Sync 1 DAGs
[2025-04-11T16:04:47.883+0000] {logging_mixin.py:190} INFO - [2025-04-11T16:04:47.882+0000] {dag.py:4180} INFO - Setting next_dagrun for extract_raw_data_pipeline to 2025-04-11 07:59:00+00:00, run_after=2025-04-12 07:00:00+00:00
[2025-04-11T16:04:47.900+0000] {processor.py:208} INFO - Processing /opt/airflow/dags/driven_data_pipline.py took 0.204 seconds
[2025-04-11T16:05:18.137+0000] {processor.py:186} INFO - Started process (PID=566) to work on /opt/airflow/dags/driven_data_pipline.py
[2025-04-11T16:05:18.137+0000] {processor.py:914} INFO - Processing file /opt/airflow/dags/driven_data_pipline.py for tasks to queue
[2025-04-11T16:05:18.140+0000] {logging_mixin.py:190} INFO - [2025-04-11T16:05:18.139+0000] {dagbag.py:588} INFO - Filling up the DagBag from /opt/airflow/dags/driven_data_pipline.py
[2025-04-11T16:05:18.332+0000] {processor.py:925} INFO - DAG(s) 'extract_raw_data_pipeline' retrieved from /opt/airflow/dags/driven_data_pipline.py
[2025-04-11T16:05:18.356+0000] {logging_mixin.py:190} INFO - [2025-04-11T16:05:18.356+0000] {dag.py:3239} INFO - Sync 1 DAGs
[2025-04-11T16:05:18.378+0000] {logging_mixin.py:190} INFO - [2025-04-11T16:05:18.378+0000] {dag.py:4180} INFO - Setting next_dagrun for extract_raw_data_pipeline to 2025-04-11 07:59:00+00:00, run_after=2025-04-12 07:00:00+00:00
[2025-04-11T16:05:18.397+0000] {processor.py:208} INFO - Processing /opt/airflow/dags/driven_data_pipline.py took 0.266 seconds
[2025-04-11T16:05:26.519+0000] {processor.py:186} INFO - Started process (PID=568) to work on /opt/airflow/dags/driven_data_pipline.py
[2025-04-11T16:05:26.521+0000] {processor.py:914} INFO - Processing file /opt/airflow/dags/driven_data_pipline.py for tasks to queue
[2025-04-11T16:05:26.524+0000] {logging_mixin.py:190} INFO - [2025-04-11T16:05:26.523+0000] {dagbag.py:588} INFO - Filling up the DagBag from /opt/airflow/dags/driven_data_pipline.py
[2025-04-11T16:05:26.734+0000] {processor.py:925} INFO - DAG(s) 'extract_raw_data_pipeline' retrieved from /opt/airflow/dags/driven_data_pipline.py
[2025-04-11T16:05:26.844+0000] {logging_mixin.py:190} INFO - [2025-04-11T16:05:26.844+0000] {dag.py:3239} INFO - Sync 1 DAGs
[2025-04-11T16:05:26.865+0000] {logging_mixin.py:190} INFO - [2025-04-11T16:05:26.865+0000] {dag.py:4180} INFO - Setting next_dagrun for extract_raw_data_pipeline to 2025-04-11 07:59:00+00:00, run_after=2025-04-12 07:00:00+00:00
[2025-04-11T16:05:26.892+0000] {processor.py:208} INFO - Processing /opt/airflow/dags/driven_data_pipline.py took 0.379 seconds
[2025-04-11T16:05:57.157+0000] {processor.py:186} INFO - Started process (PID=576) to work on /opt/airflow/dags/driven_data_pipline.py
[2025-04-11T16:05:57.158+0000] {processor.py:914} INFO - Processing file /opt/airflow/dags/driven_data_pipline.py for tasks to queue
[2025-04-11T16:05:57.161+0000] {logging_mixin.py:190} INFO - [2025-04-11T16:05:57.160+0000] {dagbag.py:588} INFO - Filling up the DagBag from /opt/airflow/dags/driven_data_pipline.py
[2025-04-11T16:05:57.313+0000] {processor.py:925} INFO - DAG(s) 'extract_raw_data_pipeline' retrieved from /opt/airflow/dags/driven_data_pipline.py
[2025-04-11T16:05:57.336+0000] {logging_mixin.py:190} INFO - [2025-04-11T16:05:57.336+0000] {dag.py:3239} INFO - Sync 1 DAGs
[2025-04-11T16:05:57.359+0000] {logging_mixin.py:190} INFO - [2025-04-11T16:05:57.359+0000] {dag.py:4180} INFO - Setting next_dagrun for extract_raw_data_pipeline to 2025-04-11 07:59:00+00:00, run_after=2025-04-12 07:00:00+00:00
[2025-04-11T16:05:57.376+0000] {processor.py:208} INFO - Processing /opt/airflow/dags/driven_data_pipline.py took 0.225 seconds
[2025-04-11T16:06:27.423+0000] {processor.py:186} INFO - Started process (PID=584) to work on /opt/airflow/dags/driven_data_pipline.py
[2025-04-11T16:06:27.424+0000] {processor.py:914} INFO - Processing file /opt/airflow/dags/driven_data_pipline.py for tasks to queue
[2025-04-11T16:06:27.426+0000] {logging_mixin.py:190} INFO - [2025-04-11T16:06:27.426+0000] {dagbag.py:588} INFO - Filling up the DagBag from /opt/airflow/dags/driven_data_pipline.py
[2025-04-11T16:06:27.555+0000] {processor.py:925} INFO - DAG(s) 'extract_raw_data_pipeline' retrieved from /opt/airflow/dags/driven_data_pipline.py
[2025-04-11T16:06:27.576+0000] {logging_mixin.py:190} INFO - [2025-04-11T16:06:27.576+0000] {dag.py:3239} INFO - Sync 1 DAGs
[2025-04-11T16:06:27.600+0000] {logging_mixin.py:190} INFO - [2025-04-11T16:06:27.600+0000] {dag.py:4180} INFO - Setting next_dagrun for extract_raw_data_pipeline to 2025-04-11 07:59:00+00:00, run_after=2025-04-12 07:00:00+00:00
[2025-04-11T16:06:27.619+0000] {processor.py:208} INFO - Processing /opt/airflow/dags/driven_data_pipline.py took 0.202 seconds
[2025-04-11T16:06:57.809+0000] {processor.py:186} INFO - Started process (PID=596) to work on /opt/airflow/dags/driven_data_pipline.py
[2025-04-11T16:06:57.809+0000] {processor.py:914} INFO - Processing file /opt/airflow/dags/driven_data_pipline.py for tasks to queue
[2025-04-11T16:06:57.812+0000] {logging_mixin.py:190} INFO - [2025-04-11T16:06:57.812+0000] {dagbag.py:588} INFO - Filling up the DagBag from /opt/airflow/dags/driven_data_pipline.py
[2025-04-11T16:06:57.968+0000] {processor.py:925} INFO - DAG(s) 'extract_raw_data_pipeline' retrieved from /opt/airflow/dags/driven_data_pipline.py
[2025-04-11T16:06:57.998+0000] {logging_mixin.py:190} INFO - [2025-04-11T16:06:57.998+0000] {dag.py:3239} INFO - Sync 1 DAGs
[2025-04-11T16:06:58.029+0000] {logging_mixin.py:190} INFO - [2025-04-11T16:06:58.029+0000] {dag.py:4180} INFO - Setting next_dagrun for extract_raw_data_pipeline to 2025-04-11 07:59:00+00:00, run_after=2025-04-12 07:00:00+00:00
[2025-04-11T16:06:58.054+0000] {processor.py:208} INFO - Processing /opt/airflow/dags/driven_data_pipline.py took 0.252 seconds
[2025-04-11T16:07:28.273+0000] {processor.py:186} INFO - Started process (PID=608) to work on /opt/airflow/dags/driven_data_pipline.py
[2025-04-11T16:07:28.274+0000] {processor.py:914} INFO - Processing file /opt/airflow/dags/driven_data_pipline.py for tasks to queue
[2025-04-11T16:07:28.276+0000] {logging_mixin.py:190} INFO - [2025-04-11T16:07:28.276+0000] {dagbag.py:588} INFO - Filling up the DagBag from /opt/airflow/dags/driven_data_pipline.py
[2025-04-11T16:07:28.418+0000] {processor.py:925} INFO - DAG(s) 'extract_raw_data_pipeline' retrieved from /opt/airflow/dags/driven_data_pipline.py
[2025-04-11T16:07:28.447+0000] {logging_mixin.py:190} INFO - [2025-04-11T16:07:28.447+0000] {dag.py:3239} INFO - Sync 1 DAGs
[2025-04-11T16:07:28.465+0000] {logging_mixin.py:190} INFO - [2025-04-11T16:07:28.465+0000] {dag.py:4180} INFO - Setting next_dagrun for extract_raw_data_pipeline to 2025-04-11 07:59:00+00:00, run_after=2025-04-12 07:00:00+00:00
[2025-04-11T16:07:28.484+0000] {processor.py:208} INFO - Processing /opt/airflow/dags/driven_data_pipline.py took 0.216 seconds
[2025-04-11T16:07:58.720+0000] {processor.py:186} INFO - Started process (PID=616) to work on /opt/airflow/dags/driven_data_pipline.py
[2025-04-11T16:07:58.721+0000] {processor.py:914} INFO - Processing file /opt/airflow/dags/driven_data_pipline.py for tasks to queue
[2025-04-11T16:07:58.724+0000] {logging_mixin.py:190} INFO - [2025-04-11T16:07:58.723+0000] {dagbag.py:588} INFO - Filling up the DagBag from /opt/airflow/dags/driven_data_pipline.py
[2025-04-11T16:07:58.905+0000] {processor.py:925} INFO - DAG(s) 'extract_raw_data_pipeline' retrieved from /opt/airflow/dags/driven_data_pipline.py
[2025-04-11T16:07:58.934+0000] {logging_mixin.py:190} INFO - [2025-04-11T16:07:58.933+0000] {dag.py:3239} INFO - Sync 1 DAGs
[2025-04-11T16:07:58.971+0000] {logging_mixin.py:190} INFO - [2025-04-11T16:07:58.971+0000] {dag.py:4180} INFO - Setting next_dagrun for extract_raw_data_pipeline to 2025-04-11 07:59:00+00:00, run_after=2025-04-12 07:00:00+00:00
[2025-04-11T16:07:58.996+0000] {processor.py:208} INFO - Processing /opt/airflow/dags/driven_data_pipline.py took 0.283 seconds
[2025-04-11T16:08:29.268+0000] {processor.py:186} INFO - Started process (PID=628) to work on /opt/airflow/dags/driven_data_pipline.py
[2025-04-11T16:08:29.269+0000] {processor.py:914} INFO - Processing file /opt/airflow/dags/driven_data_pipline.py for tasks to queue
[2025-04-11T16:08:29.272+0000] {logging_mixin.py:190} INFO - [2025-04-11T16:08:29.272+0000] {dagbag.py:588} INFO - Filling up the DagBag from /opt/airflow/dags/driven_data_pipline.py
[2025-04-11T16:08:29.473+0000] {processor.py:925} INFO - DAG(s) 'extract_raw_data_pipeline' retrieved from /opt/airflow/dags/driven_data_pipline.py
[2025-04-11T16:08:29.500+0000] {logging_mixin.py:190} INFO - [2025-04-11T16:08:29.499+0000] {dag.py:3239} INFO - Sync 1 DAGs
[2025-04-11T16:08:29.524+0000] {logging_mixin.py:190} INFO - [2025-04-11T16:08:29.524+0000] {dag.py:4180} INFO - Setting next_dagrun for extract_raw_data_pipeline to 2025-04-11 07:59:00+00:00, run_after=2025-04-12 07:00:00+00:00
[2025-04-11T16:08:29.543+0000] {processor.py:208} INFO - Processing /opt/airflow/dags/driven_data_pipline.py took 0.282 seconds
[2025-04-11T16:08:59.756+0000] {processor.py:186} INFO - Started process (PID=636) to work on /opt/airflow/dags/driven_data_pipline.py
[2025-04-11T16:08:59.756+0000] {processor.py:914} INFO - Processing file /opt/airflow/dags/driven_data_pipline.py for tasks to queue
[2025-04-11T16:08:59.759+0000] {logging_mixin.py:190} INFO - [2025-04-11T16:08:59.758+0000] {dagbag.py:588} INFO - Filling up the DagBag from /opt/airflow/dags/driven_data_pipline.py
[2025-04-11T16:08:59.882+0000] {processor.py:925} INFO - DAG(s) 'extract_raw_data_pipeline' retrieved from /opt/airflow/dags/driven_data_pipline.py
[2025-04-11T16:08:59.905+0000] {logging_mixin.py:190} INFO - [2025-04-11T16:08:59.905+0000] {dag.py:3239} INFO - Sync 1 DAGs
[2025-04-11T16:08:59.924+0000] {logging_mixin.py:190} INFO - [2025-04-11T16:08:59.924+0000] {dag.py:4180} INFO - Setting next_dagrun for extract_raw_data_pipeline to 2025-04-11 07:59:00+00:00, run_after=2025-04-12 07:00:00+00:00
[2025-04-11T16:08:59.942+0000] {processor.py:208} INFO - Processing /opt/airflow/dags/driven_data_pipline.py took 0.192 seconds
[2025-04-11T16:09:30.006+0000] {processor.py:186} INFO - Started process (PID=644) to work on /opt/airflow/dags/driven_data_pipline.py
[2025-04-11T16:09:30.007+0000] {processor.py:914} INFO - Processing file /opt/airflow/dags/driven_data_pipline.py for tasks to queue
[2025-04-11T16:09:30.009+0000] {logging_mixin.py:190} INFO - [2025-04-11T16:09:30.009+0000] {dagbag.py:588} INFO - Filling up the DagBag from /opt/airflow/dags/driven_data_pipline.py
[2025-04-11T16:09:30.134+0000] {processor.py:925} INFO - DAG(s) 'extract_raw_data_pipeline' retrieved from /opt/airflow/dags/driven_data_pipline.py
[2025-04-11T16:09:30.155+0000] {logging_mixin.py:190} INFO - [2025-04-11T16:09:30.155+0000] {dag.py:3239} INFO - Sync 1 DAGs
[2025-04-11T16:09:30.174+0000] {logging_mixin.py:190} INFO - [2025-04-11T16:09:30.174+0000] {dag.py:4180} INFO - Setting next_dagrun for extract_raw_data_pipeline to 2025-04-11 07:59:00+00:00, run_after=2025-04-12 07:00:00+00:00
[2025-04-11T16:09:30.192+0000] {processor.py:208} INFO - Processing /opt/airflow/dags/driven_data_pipline.py took 0.191 seconds
[2025-04-11T16:10:00.422+0000] {processor.py:186} INFO - Started process (PID=652) to work on /opt/airflow/dags/driven_data_pipline.py
[2025-04-11T16:10:00.423+0000] {processor.py:914} INFO - Processing file /opt/airflow/dags/driven_data_pipline.py for tasks to queue
[2025-04-11T16:10:00.425+0000] {logging_mixin.py:190} INFO - [2025-04-11T16:10:00.425+0000] {dagbag.py:588} INFO - Filling up the DagBag from /opt/airflow/dags/driven_data_pipline.py
[2025-04-11T16:10:00.554+0000] {processor.py:925} INFO - DAG(s) 'extract_raw_data_pipeline' retrieved from /opt/airflow/dags/driven_data_pipline.py
[2025-04-11T16:10:00.574+0000] {logging_mixin.py:190} INFO - [2025-04-11T16:10:00.574+0000] {dag.py:3239} INFO - Sync 1 DAGs
[2025-04-11T16:10:00.592+0000] {logging_mixin.py:190} INFO - [2025-04-11T16:10:00.592+0000] {dag.py:4180} INFO - Setting next_dagrun for extract_raw_data_pipeline to 2025-04-11 07:59:00+00:00, run_after=2025-04-12 07:00:00+00:00
[2025-04-11T16:10:00.611+0000] {processor.py:208} INFO - Processing /opt/airflow/dags/driven_data_pipline.py took 0.194 seconds
[2025-04-11T16:10:05.688+0000] {processor.py:186} INFO - Started process (PID=660) to work on /opt/airflow/dags/driven_data_pipline.py
[2025-04-11T16:10:05.689+0000] {processor.py:914} INFO - Processing file /opt/airflow/dags/driven_data_pipline.py for tasks to queue
[2025-04-11T16:10:05.692+0000] {logging_mixin.py:190} INFO - [2025-04-11T16:10:05.692+0000] {dagbag.py:588} INFO - Filling up the DagBag from /opt/airflow/dags/driven_data_pipline.py
[2025-04-11T16:10:05.898+0000] {processor.py:925} INFO - DAG(s) 'extract_raw_data_pipeline' retrieved from /opt/airflow/dags/driven_data_pipline.py
[2025-04-11T16:10:05.919+0000] {logging_mixin.py:190} INFO - [2025-04-11T16:10:05.919+0000] {dag.py:3239} INFO - Sync 1 DAGs
[2025-04-11T16:10:05.940+0000] {logging_mixin.py:190} INFO - [2025-04-11T16:10:05.940+0000] {dag.py:4180} INFO - Setting next_dagrun for extract_raw_data_pipeline to 2025-04-11 07:59:00+00:00, run_after=2025-04-12 07:00:00+00:00
[2025-04-11T16:10:05.962+0000] {processor.py:208} INFO - Processing /opt/airflow/dags/driven_data_pipline.py took 0.281 seconds
[2025-04-11T16:10:36.223+0000] {processor.py:186} INFO - Started process (PID=668) to work on /opt/airflow/dags/driven_data_pipline.py
[2025-04-11T16:10:36.224+0000] {processor.py:914} INFO - Processing file /opt/airflow/dags/driven_data_pipline.py for tasks to queue
[2025-04-11T16:10:36.226+0000] {logging_mixin.py:190} INFO - [2025-04-11T16:10:36.226+0000] {dagbag.py:588} INFO - Filling up the DagBag from /opt/airflow/dags/driven_data_pipline.py
[2025-04-11T16:10:36.349+0000] {processor.py:925} INFO - DAG(s) 'extract_raw_data_pipeline' retrieved from /opt/airflow/dags/driven_data_pipline.py
[2025-04-11T16:10:36.371+0000] {logging_mixin.py:190} INFO - [2025-04-11T16:10:36.371+0000] {dag.py:3239} INFO - Sync 1 DAGs
[2025-04-11T16:10:36.390+0000] {logging_mixin.py:190} INFO - [2025-04-11T16:10:36.390+0000] {dag.py:4180} INFO - Setting next_dagrun for extract_raw_data_pipeline to 2025-04-11 07:59:00+00:00, run_after=2025-04-12 07:00:00+00:00
[2025-04-11T16:10:36.408+0000] {processor.py:208} INFO - Processing /opt/airflow/dags/driven_data_pipline.py took 0.191 seconds
[2025-04-11T16:10:56.397+0000] {processor.py:186} INFO - Started process (PID=670) to work on /opt/airflow/dags/driven_data_pipline.py
[2025-04-11T16:10:56.398+0000] {processor.py:914} INFO - Processing file /opt/airflow/dags/driven_data_pipline.py for tasks to queue
[2025-04-11T16:10:56.401+0000] {logging_mixin.py:190} INFO - [2025-04-11T16:10:56.401+0000] {dagbag.py:588} INFO - Filling up the DagBag from /opt/airflow/dags/driven_data_pipline.py
[2025-04-11T16:10:56.557+0000] {processor.py:925} INFO - DAG(s) 'extract_raw_data_pipeline' retrieved from /opt/airflow/dags/driven_data_pipline.py
[2025-04-11T16:10:56.580+0000] {logging_mixin.py:190} INFO - [2025-04-11T16:10:56.580+0000] {dag.py:3239} INFO - Sync 1 DAGs
[2025-04-11T16:10:56.601+0000] {logging_mixin.py:190} INFO - [2025-04-11T16:10:56.601+0000] {dag.py:4180} INFO - Setting next_dagrun for extract_raw_data_pipeline to 2025-04-11 07:59:00+00:00, run_after=2025-04-12 07:00:00+00:00
[2025-04-11T16:10:56.620+0000] {processor.py:208} INFO - Processing /opt/airflow/dags/driven_data_pipline.py took 0.230 seconds
[2025-04-11T16:11:26.815+0000] {processor.py:186} INFO - Started process (PID=678) to work on /opt/airflow/dags/driven_data_pipline.py
[2025-04-11T16:11:26.817+0000] {processor.py:914} INFO - Processing file /opt/airflow/dags/driven_data_pipline.py for tasks to queue
[2025-04-11T16:11:26.819+0000] {logging_mixin.py:190} INFO - [2025-04-11T16:11:26.819+0000] {dagbag.py:588} INFO - Filling up the DagBag from /opt/airflow/dags/driven_data_pipline.py
[2025-04-11T16:11:26.952+0000] {processor.py:925} INFO - DAG(s) 'extract_raw_data_pipeline' retrieved from /opt/airflow/dags/driven_data_pipline.py
[2025-04-11T16:11:26.974+0000] {logging_mixin.py:190} INFO - [2025-04-11T16:11:26.973+0000] {dag.py:3239} INFO - Sync 1 DAGs
[2025-04-11T16:11:26.995+0000] {logging_mixin.py:190} INFO - [2025-04-11T16:11:26.995+0000] {dag.py:4180} INFO - Setting next_dagrun for extract_raw_data_pipeline to 2025-04-11 07:59:00+00:00, run_after=2025-04-12 07:00:00+00:00
[2025-04-11T16:11:27.016+0000] {processor.py:208} INFO - Processing /opt/airflow/dags/driven_data_pipline.py took 0.206 seconds
[2025-04-11T16:11:36.924+0000] {processor.py:186} INFO - Started process (PID=686) to work on /opt/airflow/dags/driven_data_pipline.py
[2025-04-11T16:11:36.925+0000] {processor.py:914} INFO - Processing file /opt/airflow/dags/driven_data_pipline.py for tasks to queue
[2025-04-11T16:11:36.927+0000] {logging_mixin.py:190} INFO - [2025-04-11T16:11:36.927+0000] {dagbag.py:588} INFO - Filling up the DagBag from /opt/airflow/dags/driven_data_pipline.py
[2025-04-11T16:11:37.118+0000] {processor.py:925} INFO - DAG(s) 'extract_raw_data_pipeline' retrieved from /opt/airflow/dags/driven_data_pipline.py
[2025-04-11T16:11:37.223+0000] {logging_mixin.py:190} INFO - [2025-04-11T16:11:37.223+0000] {dag.py:3239} INFO - Sync 1 DAGs
[2025-04-11T16:11:37.242+0000] {logging_mixin.py:190} INFO - [2025-04-11T16:11:37.242+0000] {dag.py:4180} INFO - Setting next_dagrun for extract_raw_data_pipeline to 2025-04-11 07:59:00+00:00, run_after=2025-04-12 07:00:00+00:00
[2025-04-11T16:11:37.268+0000] {processor.py:208} INFO - Processing /opt/airflow/dags/driven_data_pipline.py took 0.351 seconds
[2025-04-11T16:12:07.462+0000] {processor.py:186} INFO - Started process (PID=694) to work on /opt/airflow/dags/driven_data_pipline.py
[2025-04-11T16:12:07.463+0000] {processor.py:914} INFO - Processing file /opt/airflow/dags/driven_data_pipline.py for tasks to queue
[2025-04-11T16:12:07.465+0000] {logging_mixin.py:190} INFO - [2025-04-11T16:12:07.465+0000] {dagbag.py:588} INFO - Filling up the DagBag from /opt/airflow/dags/driven_data_pipline.py
[2025-04-11T16:12:07.594+0000] {processor.py:925} INFO - DAG(s) 'extract_raw_data_pipeline' retrieved from /opt/airflow/dags/driven_data_pipline.py
[2025-04-11T16:12:07.616+0000] {logging_mixin.py:190} INFO - [2025-04-11T16:12:07.615+0000] {dag.py:3239} INFO - Sync 1 DAGs
[2025-04-11T16:12:07.636+0000] {logging_mixin.py:190} INFO - [2025-04-11T16:12:07.636+0000] {dag.py:4180} INFO - Setting next_dagrun for extract_raw_data_pipeline to 2025-04-11 07:59:00+00:00, run_after=2025-04-12 07:00:00+00:00
[2025-04-11T16:12:07.659+0000] {processor.py:208} INFO - Processing /opt/airflow/dags/driven_data_pipline.py took 0.202 seconds
[2025-04-11T16:12:37.711+0000] {processor.py:186} INFO - Started process (PID=702) to work on /opt/airflow/dags/driven_data_pipline.py
[2025-04-11T16:12:37.712+0000] {processor.py:914} INFO - Processing file /opt/airflow/dags/driven_data_pipline.py for tasks to queue
[2025-04-11T16:12:37.714+0000] {logging_mixin.py:190} INFO - [2025-04-11T16:12:37.714+0000] {dagbag.py:588} INFO - Filling up the DagBag from /opt/airflow/dags/driven_data_pipline.py
[2025-04-11T16:12:37.836+0000] {processor.py:925} INFO - DAG(s) 'extract_raw_data_pipeline' retrieved from /opt/airflow/dags/driven_data_pipline.py
[2025-04-11T16:12:37.859+0000] {logging_mixin.py:190} INFO - [2025-04-11T16:12:37.859+0000] {dag.py:3239} INFO - Sync 1 DAGs
[2025-04-11T16:12:37.881+0000] {logging_mixin.py:190} INFO - [2025-04-11T16:12:37.881+0000] {dag.py:4180} INFO - Setting next_dagrun for extract_raw_data_pipeline to 2025-04-11 07:59:00+00:00, run_after=2025-04-12 07:00:00+00:00
[2025-04-11T16:12:37.897+0000] {processor.py:208} INFO - Processing /opt/airflow/dags/driven_data_pipline.py took 0.191 seconds
[2025-04-11T16:13:08.136+0000] {processor.py:186} INFO - Started process (PID=710) to work on /opt/airflow/dags/driven_data_pipline.py
[2025-04-11T16:13:08.137+0000] {processor.py:914} INFO - Processing file /opt/airflow/dags/driven_data_pipline.py for tasks to queue
[2025-04-11T16:13:08.140+0000] {logging_mixin.py:190} INFO - [2025-04-11T16:13:08.139+0000] {dagbag.py:588} INFO - Filling up the DagBag from /opt/airflow/dags/driven_data_pipline.py
[2025-04-11T16:13:08.279+0000] {processor.py:925} INFO - DAG(s) 'extract_raw_data_pipeline' retrieved from /opt/airflow/dags/driven_data_pipline.py
[2025-04-11T16:13:08.300+0000] {logging_mixin.py:190} INFO - [2025-04-11T16:13:08.300+0000] {dag.py:3239} INFO - Sync 1 DAGs
[2025-04-11T16:13:08.320+0000] {logging_mixin.py:190} INFO - [2025-04-11T16:13:08.320+0000] {dag.py:4180} INFO - Setting next_dagrun for extract_raw_data_pipeline to 2025-04-11 07:59:00+00:00, run_after=2025-04-12 07:00:00+00:00
[2025-04-11T16:13:08.336+0000] {processor.py:208} INFO - Processing /opt/airflow/dags/driven_data_pipline.py took 0.206 seconds
[2025-04-11T16:13:38.543+0000] {processor.py:186} INFO - Started process (PID=722) to work on /opt/airflow/dags/driven_data_pipline.py
[2025-04-11T16:13:38.548+0000] {processor.py:914} INFO - Processing file /opt/airflow/dags/driven_data_pipline.py for tasks to queue
[2025-04-11T16:13:38.551+0000] {logging_mixin.py:190} INFO - [2025-04-11T16:13:38.550+0000] {dagbag.py:588} INFO - Filling up the DagBag from /opt/airflow/dags/driven_data_pipline.py
[2025-04-11T16:13:38.701+0000] {processor.py:925} INFO - DAG(s) 'extract_raw_data_pipeline' retrieved from /opt/airflow/dags/driven_data_pipline.py
[2025-04-11T16:13:38.724+0000] {logging_mixin.py:190} INFO - [2025-04-11T16:13:38.724+0000] {dag.py:3239} INFO - Sync 1 DAGs
[2025-04-11T16:13:38.747+0000] {logging_mixin.py:190} INFO - [2025-04-11T16:13:38.746+0000] {dag.py:4180} INFO - Setting next_dagrun for extract_raw_data_pipeline to 2025-04-11 07:59:00+00:00, run_after=2025-04-12 07:00:00+00:00
[2025-04-11T16:13:38.766+0000] {processor.py:208} INFO - Processing /opt/airflow/dags/driven_data_pipline.py took 0.228 seconds
[2025-04-11T16:14:08.993+0000] {processor.py:186} INFO - Started process (PID=730) to work on /opt/airflow/dags/driven_data_pipline.py
[2025-04-11T16:14:08.994+0000] {processor.py:914} INFO - Processing file /opt/airflow/dags/driven_data_pipline.py for tasks to queue
[2025-04-11T16:14:08.997+0000] {logging_mixin.py:190} INFO - [2025-04-11T16:14:08.996+0000] {dagbag.py:588} INFO - Filling up the DagBag from /opt/airflow/dags/driven_data_pipline.py
[2025-04-11T16:14:09.154+0000] {processor.py:925} INFO - DAG(s) 'extract_raw_data_pipeline' retrieved from /opt/airflow/dags/driven_data_pipline.py
[2025-04-11T16:14:09.182+0000] {logging_mixin.py:190} INFO - [2025-04-11T16:14:09.182+0000] {dag.py:3239} INFO - Sync 1 DAGs
[2025-04-11T16:14:09.212+0000] {logging_mixin.py:190} INFO - [2025-04-11T16:14:09.212+0000] {dag.py:4180} INFO - Setting next_dagrun for extract_raw_data_pipeline to 2025-04-11 07:59:00+00:00, run_after=2025-04-12 07:00:00+00:00
[2025-04-11T16:14:09.242+0000] {processor.py:208} INFO - Processing /opt/airflow/dags/driven_data_pipline.py took 0.255 seconds
[2025-04-11T16:14:39.467+0000] {processor.py:186} INFO - Started process (PID=738) to work on /opt/airflow/dags/driven_data_pipline.py
[2025-04-11T16:14:39.468+0000] {processor.py:914} INFO - Processing file /opt/airflow/dags/driven_data_pipline.py for tasks to queue
[2025-04-11T16:14:39.471+0000] {logging_mixin.py:190} INFO - [2025-04-11T16:14:39.470+0000] {dagbag.py:588} INFO - Filling up the DagBag from /opt/airflow/dags/driven_data_pipline.py
[2025-04-11T16:14:39.662+0000] {processor.py:925} INFO - DAG(s) 'extract_raw_data_pipeline' retrieved from /opt/airflow/dags/driven_data_pipline.py
[2025-04-11T16:14:39.684+0000] {logging_mixin.py:190} INFO - [2025-04-11T16:14:39.683+0000] {dag.py:3239} INFO - Sync 1 DAGs
[2025-04-11T16:14:39.706+0000] {logging_mixin.py:190} INFO - [2025-04-11T16:14:39.706+0000] {dag.py:4180} INFO - Setting next_dagrun for extract_raw_data_pipeline to 2025-04-11 07:59:00+00:00, run_after=2025-04-12 07:00:00+00:00
[2025-04-11T16:14:39.723+0000] {processor.py:208} INFO - Processing /opt/airflow/dags/driven_data_pipline.py took 0.262 seconds
[2025-04-11T16:15:09.919+0000] {processor.py:186} INFO - Started process (PID=746) to work on /opt/airflow/dags/driven_data_pipline.py
[2025-04-11T16:15:09.920+0000] {processor.py:914} INFO - Processing file /opt/airflow/dags/driven_data_pipline.py for tasks to queue
[2025-04-11T16:15:09.923+0000] {logging_mixin.py:190} INFO - [2025-04-11T16:15:09.923+0000] {dagbag.py:588} INFO - Filling up the DagBag from /opt/airflow/dags/driven_data_pipline.py
[2025-04-11T16:15:10.068+0000] {processor.py:925} INFO - DAG(s) 'extract_raw_data_pipeline' retrieved from /opt/airflow/dags/driven_data_pipline.py
[2025-04-11T16:15:10.093+0000] {logging_mixin.py:190} INFO - [2025-04-11T16:15:10.092+0000] {dag.py:3239} INFO - Sync 1 DAGs
[2025-04-11T16:15:10.115+0000] {logging_mixin.py:190} INFO - [2025-04-11T16:15:10.115+0000] {dag.py:4180} INFO - Setting next_dagrun for extract_raw_data_pipeline to 2025-04-11 07:59:00+00:00, run_after=2025-04-12 07:00:00+00:00
[2025-04-11T16:15:10.134+0000] {processor.py:208} INFO - Processing /opt/airflow/dags/driven_data_pipline.py took 0.222 seconds
[2025-04-11T16:15:40.403+0000] {processor.py:186} INFO - Started process (PID=754) to work on /opt/airflow/dags/driven_data_pipline.py
[2025-04-11T16:15:40.405+0000] {processor.py:914} INFO - Processing file /opt/airflow/dags/driven_data_pipline.py for tasks to queue
[2025-04-11T16:15:40.407+0000] {logging_mixin.py:190} INFO - [2025-04-11T16:15:40.407+0000] {dagbag.py:588} INFO - Filling up the DagBag from /opt/airflow/dags/driven_data_pipline.py
[2025-04-11T16:15:40.553+0000] {processor.py:925} INFO - DAG(s) 'extract_raw_data_pipeline' retrieved from /opt/airflow/dags/driven_data_pipline.py
[2025-04-11T16:15:40.581+0000] {logging_mixin.py:190} INFO - [2025-04-11T16:15:40.581+0000] {dag.py:3239} INFO - Sync 1 DAGs
[2025-04-11T16:15:40.603+0000] {logging_mixin.py:190} INFO - [2025-04-11T16:15:40.603+0000] {dag.py:4180} INFO - Setting next_dagrun for extract_raw_data_pipeline to 2025-04-11 07:59:00+00:00, run_after=2025-04-12 07:00:00+00:00
[2025-04-11T16:15:40.628+0000] {processor.py:208} INFO - Processing /opt/airflow/dags/driven_data_pipline.py took 0.230 seconds
[2025-04-11T16:16:10.841+0000] {processor.py:186} INFO - Started process (PID=762) to work on /opt/airflow/dags/driven_data_pipline.py
[2025-04-11T16:16:10.842+0000] {processor.py:914} INFO - Processing file /opt/airflow/dags/driven_data_pipline.py for tasks to queue
[2025-04-11T16:16:10.844+0000] {logging_mixin.py:190} INFO - [2025-04-11T16:16:10.844+0000] {dagbag.py:588} INFO - Filling up the DagBag from /opt/airflow/dags/driven_data_pipline.py
[2025-04-11T16:16:10.988+0000] {processor.py:925} INFO - DAG(s) 'extract_raw_data_pipeline' retrieved from /opt/airflow/dags/driven_data_pipline.py
[2025-04-11T16:16:11.011+0000] {logging_mixin.py:190} INFO - [2025-04-11T16:16:11.011+0000] {dag.py:3239} INFO - Sync 1 DAGs
[2025-04-11T16:16:11.034+0000] {logging_mixin.py:190} INFO - [2025-04-11T16:16:11.034+0000] {dag.py:4180} INFO - Setting next_dagrun for extract_raw_data_pipeline to 2025-04-11 07:59:00+00:00, run_after=2025-04-12 07:00:00+00:00
[2025-04-11T16:16:11.054+0000] {processor.py:208} INFO - Processing /opt/airflow/dags/driven_data_pipline.py took 0.218 seconds
[2025-04-11T16:16:41.115+0000] {processor.py:186} INFO - Started process (PID=770) to work on /opt/airflow/dags/driven_data_pipline.py
[2025-04-11T16:16:41.116+0000] {processor.py:914} INFO - Processing file /opt/airflow/dags/driven_data_pipline.py for tasks to queue
[2025-04-11T16:16:41.119+0000] {logging_mixin.py:190} INFO - [2025-04-11T16:16:41.118+0000] {dagbag.py:588} INFO - Filling up the DagBag from /opt/airflow/dags/driven_data_pipline.py
[2025-04-11T16:16:41.243+0000] {processor.py:925} INFO - DAG(s) 'extract_raw_data_pipeline' retrieved from /opt/airflow/dags/driven_data_pipline.py
[2025-04-11T16:16:41.265+0000] {logging_mixin.py:190} INFO - [2025-04-11T16:16:41.264+0000] {dag.py:3239} INFO - Sync 1 DAGs
[2025-04-11T16:16:41.285+0000] {logging_mixin.py:190} INFO - [2025-04-11T16:16:41.285+0000] {dag.py:4180} INFO - Setting next_dagrun for extract_raw_data_pipeline to 2025-04-11 07:59:00+00:00, run_after=2025-04-12 07:00:00+00:00
[2025-04-11T16:16:41.350+0000] {processor.py:208} INFO - Processing /opt/airflow/dags/driven_data_pipline.py took 0.240 seconds
[2025-04-11T16:17:11.643+0000] {processor.py:186} INFO - Started process (PID=778) to work on /opt/airflow/dags/driven_data_pipline.py
[2025-04-11T16:17:11.644+0000] {processor.py:914} INFO - Processing file /opt/airflow/dags/driven_data_pipline.py for tasks to queue
[2025-04-11T16:17:11.646+0000] {logging_mixin.py:190} INFO - [2025-04-11T16:17:11.646+0000] {dagbag.py:588} INFO - Filling up the DagBag from /opt/airflow/dags/driven_data_pipline.py
[2025-04-11T16:17:11.777+0000] {processor.py:925} INFO - DAG(s) 'extract_raw_data_pipeline' retrieved from /opt/airflow/dags/driven_data_pipline.py
[2025-04-11T16:17:11.798+0000] {logging_mixin.py:190} INFO - [2025-04-11T16:17:11.797+0000] {dag.py:3239} INFO - Sync 1 DAGs
[2025-04-11T16:17:11.819+0000] {logging_mixin.py:190} INFO - [2025-04-11T16:17:11.818+0000] {dag.py:4180} INFO - Setting next_dagrun for extract_raw_data_pipeline to 2025-04-11 07:59:00+00:00, run_after=2025-04-12 07:00:00+00:00
[2025-04-11T16:17:11.895+0000] {processor.py:208} INFO - Processing /opt/airflow/dags/driven_data_pipline.py took 0.257 seconds
[2025-04-11T16:17:42.094+0000] {processor.py:186} INFO - Started process (PID=786) to work on /opt/airflow/dags/driven_data_pipline.py
[2025-04-11T16:17:42.095+0000] {processor.py:914} INFO - Processing file /opt/airflow/dags/driven_data_pipline.py for tasks to queue
[2025-04-11T16:17:42.097+0000] {logging_mixin.py:190} INFO - [2025-04-11T16:17:42.097+0000] {dagbag.py:588} INFO - Filling up the DagBag from /opt/airflow/dags/driven_data_pipline.py
[2025-04-11T16:17:42.232+0000] {processor.py:925} INFO - DAG(s) 'extract_raw_data_pipeline' retrieved from /opt/airflow/dags/driven_data_pipline.py
[2025-04-11T16:17:42.255+0000] {logging_mixin.py:190} INFO - [2025-04-11T16:17:42.255+0000] {dag.py:3239} INFO - Sync 1 DAGs
[2025-04-11T16:17:42.275+0000] {logging_mixin.py:190} INFO - [2025-04-11T16:17:42.275+0000] {dag.py:4180} INFO - Setting next_dagrun for extract_raw_data_pipeline to 2025-04-11 07:59:00+00:00, run_after=2025-04-12 07:00:00+00:00
[2025-04-11T16:17:42.293+0000] {processor.py:208} INFO - Processing /opt/airflow/dags/driven_data_pipline.py took 0.205 seconds
[2025-04-11T16:18:12.361+0000] {processor.py:186} INFO - Started process (PID=794) to work on /opt/airflow/dags/driven_data_pipline.py
[2025-04-11T16:18:12.363+0000] {processor.py:914} INFO - Processing file /opt/airflow/dags/driven_data_pipline.py for tasks to queue
[2025-04-11T16:18:12.365+0000] {logging_mixin.py:190} INFO - [2025-04-11T16:18:12.365+0000] {dagbag.py:588} INFO - Filling up the DagBag from /opt/airflow/dags/driven_data_pipline.py
[2025-04-11T16:18:12.535+0000] {processor.py:925} INFO - DAG(s) 'extract_raw_data_pipeline' retrieved from /opt/airflow/dags/driven_data_pipline.py
[2025-04-11T16:18:12.560+0000] {logging_mixin.py:190} INFO - [2025-04-11T16:18:12.560+0000] {dag.py:3239} INFO - Sync 1 DAGs
[2025-04-11T16:18:12.585+0000] {logging_mixin.py:190} INFO - [2025-04-11T16:18:12.585+0000] {dag.py:4180} INFO - Setting next_dagrun for extract_raw_data_pipeline to 2025-04-11 07:59:00+00:00, run_after=2025-04-12 07:00:00+00:00
[2025-04-11T16:18:12.670+0000] {processor.py:208} INFO - Processing /opt/airflow/dags/driven_data_pipline.py took 0.315 seconds
[2025-04-11T16:18:42.733+0000] {processor.py:186} INFO - Started process (PID=802) to work on /opt/airflow/dags/driven_data_pipline.py
[2025-04-11T16:18:42.734+0000] {processor.py:914} INFO - Processing file /opt/airflow/dags/driven_data_pipline.py for tasks to queue
[2025-04-11T16:18:42.736+0000] {logging_mixin.py:190} INFO - [2025-04-11T16:18:42.736+0000] {dagbag.py:588} INFO - Filling up the DagBag from /opt/airflow/dags/driven_data_pipline.py
[2025-04-11T16:18:42.875+0000] {processor.py:925} INFO - DAG(s) 'extract_raw_data_pipeline' retrieved from /opt/airflow/dags/driven_data_pipline.py
[2025-04-11T16:18:42.897+0000] {logging_mixin.py:190} INFO - [2025-04-11T16:18:42.897+0000] {dag.py:3239} INFO - Sync 1 DAGs
[2025-04-11T16:18:42.920+0000] {logging_mixin.py:190} INFO - [2025-04-11T16:18:42.919+0000] {dag.py:4180} INFO - Setting next_dagrun for extract_raw_data_pipeline to 2025-04-11 07:59:00+00:00, run_after=2025-04-12 07:00:00+00:00
[2025-04-11T16:18:42.938+0000] {processor.py:208} INFO - Processing /opt/airflow/dags/driven_data_pipline.py took 0.212 seconds
[2025-04-11T16:19:04.045+0000] {processor.py:186} INFO - Started process (PID=804) to work on /opt/airflow/dags/driven_data_pipline.py
[2025-04-11T16:19:04.046+0000] {processor.py:914} INFO - Processing file /opt/airflow/dags/driven_data_pipline.py for tasks to queue
[2025-04-11T16:19:04.049+0000] {logging_mixin.py:190} INFO - [2025-04-11T16:19:04.048+0000] {dagbag.py:588} INFO - Filling up the DagBag from /opt/airflow/dags/driven_data_pipline.py
[2025-04-11T16:19:04.233+0000] {processor.py:925} INFO - DAG(s) 'extract_raw_data_pipeline' retrieved from /opt/airflow/dags/driven_data_pipline.py
[2025-04-11T16:19:04.255+0000] {logging_mixin.py:190} INFO - [2025-04-11T16:19:04.255+0000] {dag.py:3239} INFO - Sync 1 DAGs
[2025-04-11T16:19:04.274+0000] {logging_mixin.py:190} INFO - [2025-04-11T16:19:04.274+0000] {dag.py:4180} INFO - Setting next_dagrun for extract_raw_data_pipeline to 2025-04-11 07:59:00+00:00, run_after=2025-04-12 07:00:00+00:00
[2025-04-11T16:19:04.296+0000] {processor.py:208} INFO - Processing /opt/airflow/dags/driven_data_pipline.py took 0.257 seconds
[2025-04-11T16:19:34.505+0000] {processor.py:186} INFO - Started process (PID=812) to work on /opt/airflow/dags/driven_data_pipline.py
[2025-04-11T16:19:34.506+0000] {processor.py:914} INFO - Processing file /opt/airflow/dags/driven_data_pipline.py for tasks to queue
[2025-04-11T16:19:34.508+0000] {logging_mixin.py:190} INFO - [2025-04-11T16:19:34.508+0000] {dagbag.py:588} INFO - Filling up the DagBag from /opt/airflow/dags/driven_data_pipline.py
[2025-04-11T16:19:34.639+0000] {processor.py:925} INFO - DAG(s) 'extract_raw_data_pipeline' retrieved from /opt/airflow/dags/driven_data_pipline.py
[2025-04-11T16:19:34.663+0000] {logging_mixin.py:190} INFO - [2025-04-11T16:19:34.663+0000] {dag.py:3239} INFO - Sync 1 DAGs
[2025-04-11T16:19:34.684+0000] {logging_mixin.py:190} INFO - [2025-04-11T16:19:34.684+0000] {dag.py:4180} INFO - Setting next_dagrun for extract_raw_data_pipeline to 2025-04-11 07:59:00+00:00, run_after=2025-04-12 07:00:00+00:00
[2025-04-11T16:19:34.701+0000] {processor.py:208} INFO - Processing /opt/airflow/dags/driven_data_pipline.py took 0.202 seconds
[2025-04-11T16:20:04.914+0000] {processor.py:186} INFO - Started process (PID=824) to work on /opt/airflow/dags/driven_data_pipline.py
[2025-04-11T16:20:04.915+0000] {processor.py:914} INFO - Processing file /opt/airflow/dags/driven_data_pipline.py for tasks to queue
[2025-04-11T16:20:04.917+0000] {logging_mixin.py:190} INFO - [2025-04-11T16:20:04.917+0000] {dagbag.py:588} INFO - Filling up the DagBag from /opt/airflow/dags/driven_data_pipline.py
[2025-04-11T16:20:05.053+0000] {processor.py:925} INFO - DAG(s) 'extract_raw_data_pipeline' retrieved from /opt/airflow/dags/driven_data_pipline.py
[2025-04-11T16:20:05.076+0000] {logging_mixin.py:190} INFO - [2025-04-11T16:20:05.076+0000] {dag.py:3239} INFO - Sync 1 DAGs
[2025-04-11T16:20:05.097+0000] {logging_mixin.py:190} INFO - [2025-04-11T16:20:05.097+0000] {dag.py:4180} INFO - Setting next_dagrun for extract_raw_data_pipeline to 2025-04-11 07:59:00+00:00, run_after=2025-04-12 07:00:00+00:00
[2025-04-11T16:20:05.118+0000] {processor.py:208} INFO - Processing /opt/airflow/dags/driven_data_pipline.py took 0.210 seconds
[2025-04-11T16:20:35.340+0000] {processor.py:186} INFO - Started process (PID=832) to work on /opt/airflow/dags/driven_data_pipline.py
[2025-04-11T16:20:35.341+0000] {processor.py:914} INFO - Processing file /opt/airflow/dags/driven_data_pipline.py for tasks to queue
[2025-04-11T16:20:35.343+0000] {logging_mixin.py:190} INFO - [2025-04-11T16:20:35.343+0000] {dagbag.py:588} INFO - Filling up the DagBag from /opt/airflow/dags/driven_data_pipline.py
[2025-04-11T16:20:35.479+0000] {processor.py:925} INFO - DAG(s) 'extract_raw_data_pipeline' retrieved from /opt/airflow/dags/driven_data_pipline.py
[2025-04-11T16:20:35.499+0000] {logging_mixin.py:190} INFO - [2025-04-11T16:20:35.499+0000] {dag.py:3239} INFO - Sync 1 DAGs
[2025-04-11T16:20:35.519+0000] {logging_mixin.py:190} INFO - [2025-04-11T16:20:35.518+0000] {dag.py:4180} INFO - Setting next_dagrun for extract_raw_data_pipeline to 2025-04-11 07:59:00+00:00, run_after=2025-04-12 07:00:00+00:00
[2025-04-11T16:20:35.536+0000] {processor.py:208} INFO - Processing /opt/airflow/dags/driven_data_pipline.py took 0.202 seconds
[2025-04-11T16:21:05.607+0000] {processor.py:186} INFO - Started process (PID=840) to work on /opt/airflow/dags/driven_data_pipline.py
[2025-04-11T16:21:05.608+0000] {processor.py:914} INFO - Processing file /opt/airflow/dags/driven_data_pipline.py for tasks to queue
[2025-04-11T16:21:05.610+0000] {logging_mixin.py:190} INFO - [2025-04-11T16:21:05.609+0000] {dagbag.py:588} INFO - Filling up the DagBag from /opt/airflow/dags/driven_data_pipline.py
[2025-04-11T16:21:05.789+0000] {processor.py:925} INFO - DAG(s) 'extract_raw_data_pipeline' retrieved from /opt/airflow/dags/driven_data_pipline.py
[2025-04-11T16:21:05.815+0000] {logging_mixin.py:190} INFO - [2025-04-11T16:21:05.815+0000] {dag.py:3239} INFO - Sync 1 DAGs
[2025-04-11T16:21:05.836+0000] {logging_mixin.py:190} INFO - [2025-04-11T16:21:05.836+0000] {dag.py:4180} INFO - Setting next_dagrun for extract_raw_data_pipeline to 2025-04-11 07:59:00+00:00, run_after=2025-04-12 07:00:00+00:00
[2025-04-11T16:21:05.855+0000] {processor.py:208} INFO - Processing /opt/airflow/dags/driven_data_pipline.py took 0.254 seconds
[2025-04-11T16:21:36.063+0000] {processor.py:186} INFO - Started process (PID=854) to work on /opt/airflow/dags/driven_data_pipline.py
[2025-04-11T16:21:36.064+0000] {processor.py:914} INFO - Processing file /opt/airflow/dags/driven_data_pipline.py for tasks to queue
[2025-04-11T16:21:36.067+0000] {logging_mixin.py:190} INFO - [2025-04-11T16:21:36.066+0000] {dagbag.py:588} INFO - Filling up the DagBag from /opt/airflow/dags/driven_data_pipline.py
[2025-04-11T16:21:36.194+0000] {processor.py:925} INFO - DAG(s) 'extract_raw_data_pipeline' retrieved from /opt/airflow/dags/driven_data_pipline.py
[2025-04-11T16:21:36.218+0000] {logging_mixin.py:190} INFO - [2025-04-11T16:21:36.217+0000] {dag.py:3239} INFO - Sync 1 DAGs
[2025-04-11T16:21:36.236+0000] {logging_mixin.py:190} INFO - [2025-04-11T16:21:36.236+0000] {dag.py:4180} INFO - Setting next_dagrun for extract_raw_data_pipeline to 2025-04-11 07:59:00+00:00, run_after=2025-04-12 07:00:00+00:00
[2025-04-11T16:21:36.258+0000] {processor.py:208} INFO - Processing /opt/airflow/dags/driven_data_pipline.py took 0.200 seconds
[2025-04-11T16:22:06.367+0000] {processor.py:186} INFO - Started process (PID=862) to work on /opt/airflow/dags/driven_data_pipline.py
[2025-04-11T16:22:06.368+0000] {processor.py:914} INFO - Processing file /opt/airflow/dags/driven_data_pipline.py for tasks to queue
[2025-04-11T16:22:06.371+0000] {logging_mixin.py:190} INFO - [2025-04-11T16:22:06.370+0000] {dagbag.py:588} INFO - Filling up the DagBag from /opt/airflow/dags/driven_data_pipline.py
[2025-04-11T16:22:06.513+0000] {processor.py:925} INFO - DAG(s) 'extract_raw_data_pipeline' retrieved from /opt/airflow/dags/driven_data_pipline.py
[2025-04-11T16:22:06.537+0000] {logging_mixin.py:190} INFO - [2025-04-11T16:22:06.536+0000] {dag.py:3239} INFO - Sync 1 DAGs
[2025-04-11T16:22:06.557+0000] {logging_mixin.py:190} INFO - [2025-04-11T16:22:06.557+0000] {dag.py:4180} INFO - Setting next_dagrun for extract_raw_data_pipeline to 2025-04-11 07:59:00+00:00, run_after=2025-04-12 07:00:00+00:00
[2025-04-11T16:22:06.576+0000] {processor.py:208} INFO - Processing /opt/airflow/dags/driven_data_pipline.py took 0.216 seconds
[2025-04-11T16:22:36.763+0000] {processor.py:186} INFO - Started process (PID=870) to work on /opt/airflow/dags/driven_data_pipline.py
[2025-04-11T16:22:36.764+0000] {processor.py:914} INFO - Processing file /opt/airflow/dags/driven_data_pipline.py for tasks to queue
[2025-04-11T16:22:36.767+0000] {logging_mixin.py:190} INFO - [2025-04-11T16:22:36.767+0000] {dagbag.py:588} INFO - Filling up the DagBag from /opt/airflow/dags/driven_data_pipline.py
[2025-04-11T16:22:36.900+0000] {processor.py:925} INFO - DAG(s) 'extract_raw_data_pipeline' retrieved from /opt/airflow/dags/driven_data_pipline.py
[2025-04-11T16:22:36.922+0000] {logging_mixin.py:190} INFO - [2025-04-11T16:22:36.922+0000] {dag.py:3239} INFO - Sync 1 DAGs
[2025-04-11T16:22:36.943+0000] {logging_mixin.py:190} INFO - [2025-04-11T16:22:36.943+0000] {dag.py:4180} INFO - Setting next_dagrun for extract_raw_data_pipeline to 2025-04-11 07:59:00+00:00, run_after=2025-04-12 07:00:00+00:00
[2025-04-11T16:22:36.962+0000] {processor.py:208} INFO - Processing /opt/airflow/dags/driven_data_pipline.py took 0.204 seconds
[2025-04-11T16:23:07.047+0000] {processor.py:186} INFO - Started process (PID=878) to work on /opt/airflow/dags/driven_data_pipline.py
[2025-04-11T16:23:07.048+0000] {processor.py:914} INFO - Processing file /opt/airflow/dags/driven_data_pipline.py for tasks to queue
[2025-04-11T16:23:07.050+0000] {logging_mixin.py:190} INFO - [2025-04-11T16:23:07.050+0000] {dagbag.py:588} INFO - Filling up the DagBag from /opt/airflow/dags/driven_data_pipline.py
[2025-04-11T16:23:07.184+0000] {processor.py:925} INFO - DAG(s) 'extract_raw_data_pipeline' retrieved from /opt/airflow/dags/driven_data_pipline.py
[2025-04-11T16:23:07.204+0000] {logging_mixin.py:190} INFO - [2025-04-11T16:23:07.204+0000] {dag.py:3239} INFO - Sync 1 DAGs
[2025-04-11T16:23:07.223+0000] {logging_mixin.py:190} INFO - [2025-04-11T16:23:07.223+0000] {dag.py:4180} INFO - Setting next_dagrun for extract_raw_data_pipeline to 2025-04-11 07:59:00+00:00, run_after=2025-04-12 07:00:00+00:00
[2025-04-11T16:23:07.239+0000] {processor.py:208} INFO - Processing /opt/airflow/dags/driven_data_pipline.py took 0.200 seconds
[2025-04-11T16:23:34.453+0000] {processor.py:186} INFO - Started process (PID=880) to work on /opt/airflow/dags/driven_data_pipline.py
[2025-04-11T16:23:34.454+0000] {processor.py:914} INFO - Processing file /opt/airflow/dags/driven_data_pipline.py for tasks to queue
[2025-04-11T16:23:34.457+0000] {logging_mixin.py:190} INFO - [2025-04-11T16:23:34.456+0000] {dagbag.py:588} INFO - Filling up the DagBag from /opt/airflow/dags/driven_data_pipline.py
[2025-04-11T16:23:34.713+0000] {processor.py:925} INFO - DAG(s) 'extract_raw_data_pipeline' retrieved from /opt/airflow/dags/driven_data_pipline.py
[2025-04-11T16:23:34.754+0000] {logging_mixin.py:190} INFO - [2025-04-11T16:23:34.753+0000] {dag.py:3239} INFO - Sync 1 DAGs
[2025-04-11T16:23:34.782+0000] {logging_mixin.py:190} INFO - [2025-04-11T16:23:34.782+0000] {dag.py:4180} INFO - Setting next_dagrun for extract_raw_data_pipeline to 2025-04-11 07:59:00+00:00, run_after=2025-04-12 07:00:00+00:00
[2025-04-11T16:23:34.808+0000] {processor.py:208} INFO - Processing /opt/airflow/dags/driven_data_pipline.py took 0.360 seconds
[2025-04-11T16:24:05.013+0000] {processor.py:186} INFO - Started process (PID=892) to work on /opt/airflow/dags/driven_data_pipline.py
[2025-04-11T16:24:05.015+0000] {processor.py:914} INFO - Processing file /opt/airflow/dags/driven_data_pipline.py for tasks to queue
[2025-04-11T16:24:05.019+0000] {logging_mixin.py:190} INFO - [2025-04-11T16:24:05.018+0000] {dagbag.py:588} INFO - Filling up the DagBag from /opt/airflow/dags/driven_data_pipline.py
[2025-04-11T16:24:05.172+0000] {processor.py:925} INFO - DAG(s) 'extract_raw_data_pipeline' retrieved from /opt/airflow/dags/driven_data_pipline.py
[2025-04-11T16:24:05.196+0000] {logging_mixin.py:190} INFO - [2025-04-11T16:24:05.196+0000] {dag.py:3239} INFO - Sync 1 DAGs
[2025-04-11T16:24:05.216+0000] {logging_mixin.py:190} INFO - [2025-04-11T16:24:05.215+0000] {dag.py:4180} INFO - Setting next_dagrun for extract_raw_data_pipeline to 2025-04-11 07:59:00+00:00, run_after=2025-04-12 07:00:00+00:00
[2025-04-11T16:24:05.234+0000] {processor.py:208} INFO - Processing /opt/airflow/dags/driven_data_pipline.py took 0.233 seconds
[2025-04-11T16:24:35.454+0000] {processor.py:186} INFO - Started process (PID=900) to work on /opt/airflow/dags/driven_data_pipline.py
[2025-04-11T16:24:35.455+0000] {processor.py:914} INFO - Processing file /opt/airflow/dags/driven_data_pipline.py for tasks to queue
[2025-04-11T16:24:35.457+0000] {logging_mixin.py:190} INFO - [2025-04-11T16:24:35.457+0000] {dagbag.py:588} INFO - Filling up the DagBag from /opt/airflow/dags/driven_data_pipline.py
[2025-04-11T16:24:35.590+0000] {processor.py:925} INFO - DAG(s) 'extract_raw_data_pipeline' retrieved from /opt/airflow/dags/driven_data_pipline.py
[2025-04-11T16:24:35.613+0000] {logging_mixin.py:190} INFO - [2025-04-11T16:24:35.612+0000] {dag.py:3239} INFO - Sync 1 DAGs
[2025-04-11T16:24:35.634+0000] {logging_mixin.py:190} INFO - [2025-04-11T16:24:35.634+0000] {dag.py:4180} INFO - Setting next_dagrun for extract_raw_data_pipeline to 2025-04-11 07:59:00+00:00, run_after=2025-04-12 07:00:00+00:00
[2025-04-11T16:24:35.651+0000] {processor.py:208} INFO - Processing /opt/airflow/dags/driven_data_pipline.py took 0.204 seconds
[2025-04-11T16:24:50.812+0000] {processor.py:186} INFO - Started process (PID=908) to work on /opt/airflow/dags/driven_data_pipline.py
[2025-04-11T16:24:50.814+0000] {processor.py:914} INFO - Processing file /opt/airflow/dags/driven_data_pipline.py for tasks to queue
[2025-04-11T16:24:50.820+0000] {logging_mixin.py:190} INFO - [2025-04-11T16:24:50.820+0000] {dagbag.py:588} INFO - Filling up the DagBag from /opt/airflow/dags/driven_data_pipline.py
[2025-04-11T16:24:51.020+0000] {processor.py:925} INFO - DAG(s) 'extract_raw_data_pipeline' retrieved from /opt/airflow/dags/driven_data_pipline.py
[2025-04-11T16:24:51.044+0000] {logging_mixin.py:190} INFO - [2025-04-11T16:24:51.044+0000] {dag.py:3239} INFO - Sync 1 DAGs
[2025-04-11T16:24:51.067+0000] {logging_mixin.py:190} INFO - [2025-04-11T16:24:51.067+0000] {dag.py:4180} INFO - Setting next_dagrun for extract_raw_data_pipeline to 2025-04-11 07:59:00+00:00, run_after=2025-04-12 07:00:00+00:00
[2025-04-11T16:24:51.089+0000] {processor.py:208} INFO - Processing /opt/airflow/dags/driven_data_pipline.py took 0.289 seconds
[2025-04-11T16:25:21.318+0000] {processor.py:186} INFO - Started process (PID=916) to work on /opt/airflow/dags/driven_data_pipline.py
[2025-04-11T16:25:21.318+0000] {processor.py:914} INFO - Processing file /opt/airflow/dags/driven_data_pipline.py for tasks to queue
[2025-04-11T16:25:21.321+0000] {logging_mixin.py:190} INFO - [2025-04-11T16:25:21.320+0000] {dagbag.py:588} INFO - Filling up the DagBag from /opt/airflow/dags/driven_data_pipline.py
[2025-04-11T16:25:21.459+0000] {processor.py:925} INFO - DAG(s) 'extract_raw_data_pipeline' retrieved from /opt/airflow/dags/driven_data_pipline.py
[2025-04-11T16:25:21.481+0000] {logging_mixin.py:190} INFO - [2025-04-11T16:25:21.481+0000] {dag.py:3239} INFO - Sync 1 DAGs
[2025-04-11T16:25:21.501+0000] {logging_mixin.py:190} INFO - [2025-04-11T16:25:21.501+0000] {dag.py:4180} INFO - Setting next_dagrun for extract_raw_data_pipeline to 2025-04-11 07:59:00+00:00, run_after=2025-04-12 07:00:00+00:00
[2025-04-11T16:25:21.520+0000] {processor.py:208} INFO - Processing /opt/airflow/dags/driven_data_pipline.py took 0.208 seconds
[2025-04-11T16:25:51.569+0000] {processor.py:186} INFO - Started process (PID=924) to work on /opt/airflow/dags/driven_data_pipline.py
[2025-04-11T16:25:51.570+0000] {processor.py:914} INFO - Processing file /opt/airflow/dags/driven_data_pipline.py for tasks to queue
[2025-04-11T16:25:51.572+0000] {logging_mixin.py:190} INFO - [2025-04-11T16:25:51.572+0000] {dagbag.py:588} INFO - Filling up the DagBag from /opt/airflow/dags/driven_data_pipline.py
[2025-04-11T16:25:51.712+0000] {processor.py:925} INFO - DAG(s) 'extract_raw_data_pipeline' retrieved from /opt/airflow/dags/driven_data_pipline.py
[2025-04-11T16:25:51.733+0000] {logging_mixin.py:190} INFO - [2025-04-11T16:25:51.733+0000] {dag.py:3239} INFO - Sync 1 DAGs
[2025-04-11T16:25:51.753+0000] {logging_mixin.py:190} INFO - [2025-04-11T16:25:51.753+0000] {dag.py:4180} INFO - Setting next_dagrun for extract_raw_data_pipeline to 2025-04-11 07:59:00+00:00, run_after=2025-04-12 07:00:00+00:00
[2025-04-11T16:25:51.768+0000] {processor.py:208} INFO - Processing /opt/airflow/dags/driven_data_pipline.py took 0.205 seconds
[2025-04-11T16:26:21.963+0000] {processor.py:186} INFO - Started process (PID=932) to work on /opt/airflow/dags/driven_data_pipline.py
[2025-04-11T16:26:21.964+0000] {processor.py:914} INFO - Processing file /opt/airflow/dags/driven_data_pipline.py for tasks to queue
[2025-04-11T16:26:21.966+0000] {logging_mixin.py:190} INFO - [2025-04-11T16:26:21.966+0000] {dagbag.py:588} INFO - Filling up the DagBag from /opt/airflow/dags/driven_data_pipline.py
[2025-04-11T16:26:22.101+0000] {processor.py:925} INFO - DAG(s) 'extract_raw_data_pipeline' retrieved from /opt/airflow/dags/driven_data_pipline.py
[2025-04-11T16:26:22.123+0000] {logging_mixin.py:190} INFO - [2025-04-11T16:26:22.123+0000] {dag.py:3239} INFO - Sync 1 DAGs
[2025-04-11T16:26:22.143+0000] {logging_mixin.py:190} INFO - [2025-04-11T16:26:22.143+0000] {dag.py:4180} INFO - Setting next_dagrun for extract_raw_data_pipeline to 2025-04-11 07:59:00+00:00, run_after=2025-04-12 07:00:00+00:00
[2025-04-11T16:26:22.160+0000] {processor.py:208} INFO - Processing /opt/airflow/dags/driven_data_pipline.py took 0.203 seconds
[2025-04-11T16:26:52.387+0000] {processor.py:186} INFO - Started process (PID=940) to work on /opt/airflow/dags/driven_data_pipline.py
[2025-04-11T16:26:52.388+0000] {processor.py:914} INFO - Processing file /opt/airflow/dags/driven_data_pipline.py for tasks to queue
[2025-04-11T16:26:52.390+0000] {logging_mixin.py:190} INFO - [2025-04-11T16:26:52.390+0000] {dagbag.py:588} INFO - Filling up the DagBag from /opt/airflow/dags/driven_data_pipline.py
[2025-04-11T16:26:52.517+0000] {processor.py:925} INFO - DAG(s) 'extract_raw_data_pipeline' retrieved from /opt/airflow/dags/driven_data_pipline.py
[2025-04-11T16:26:52.540+0000] {logging_mixin.py:190} INFO - [2025-04-11T16:26:52.539+0000] {dag.py:3239} INFO - Sync 1 DAGs
[2025-04-11T16:26:52.559+0000] {logging_mixin.py:190} INFO - [2025-04-11T16:26:52.559+0000] {dag.py:4180} INFO - Setting next_dagrun for extract_raw_data_pipeline to 2025-04-11 07:59:00+00:00, run_after=2025-04-12 07:00:00+00:00
[2025-04-11T16:26:52.579+0000] {processor.py:208} INFO - Processing /opt/airflow/dags/driven_data_pipline.py took 0.197 seconds
[2025-04-11T16:27:22.817+0000] {processor.py:186} INFO - Started process (PID=948) to work on /opt/airflow/dags/driven_data_pipline.py
[2025-04-11T16:27:22.818+0000] {processor.py:914} INFO - Processing file /opt/airflow/dags/driven_data_pipline.py for tasks to queue
[2025-04-11T16:27:22.821+0000] {logging_mixin.py:190} INFO - [2025-04-11T16:27:22.821+0000] {dagbag.py:588} INFO - Filling up the DagBag from /opt/airflow/dags/driven_data_pipline.py
[2025-04-11T16:27:22.971+0000] {processor.py:925} INFO - DAG(s) 'extract_raw_data_pipeline' retrieved from /opt/airflow/dags/driven_data_pipline.py
[2025-04-11T16:27:22.998+0000] {logging_mixin.py:190} INFO - [2025-04-11T16:27:22.998+0000] {dag.py:3239} INFO - Sync 1 DAGs
[2025-04-11T16:27:23.022+0000] {logging_mixin.py:190} INFO - [2025-04-11T16:27:23.021+0000] {dag.py:4180} INFO - Setting next_dagrun for extract_raw_data_pipeline to 2025-04-11 07:59:00+00:00, run_after=2025-04-12 07:00:00+00:00
[2025-04-11T16:27:23.042+0000] {processor.py:208} INFO - Processing /opt/airflow/dags/driven_data_pipline.py took 0.230 seconds
[2025-04-11T16:27:53.236+0000] {processor.py:186} INFO - Started process (PID=961) to work on /opt/airflow/dags/driven_data_pipline.py
[2025-04-11T16:27:53.237+0000] {processor.py:914} INFO - Processing file /opt/airflow/dags/driven_data_pipline.py for tasks to queue
[2025-04-11T16:27:53.240+0000] {logging_mixin.py:190} INFO - [2025-04-11T16:27:53.239+0000] {dagbag.py:588} INFO - Filling up the DagBag from /opt/airflow/dags/driven_data_pipline.py
[2025-04-11T16:27:53.384+0000] {processor.py:925} INFO - DAG(s) 'extract_raw_data_pipeline' retrieved from /opt/airflow/dags/driven_data_pipline.py
[2025-04-11T16:27:53.405+0000] {logging_mixin.py:190} INFO - [2025-04-11T16:27:53.405+0000] {dag.py:3239} INFO - Sync 1 DAGs
[2025-04-11T16:27:53.426+0000] {logging_mixin.py:190} INFO - [2025-04-11T16:27:53.426+0000] {dag.py:4180} INFO - Setting next_dagrun for extract_raw_data_pipeline to 2025-04-11 07:59:00+00:00, run_after=2025-04-12 07:00:00+00:00
[2025-04-11T16:27:53.451+0000] {processor.py:208} INFO - Processing /opt/airflow/dags/driven_data_pipline.py took 0.221 seconds
[2025-04-11T16:28:23.493+0000] {processor.py:186} INFO - Started process (PID=969) to work on /opt/airflow/dags/driven_data_pipline.py
[2025-04-11T16:28:23.495+0000] {processor.py:914} INFO - Processing file /opt/airflow/dags/driven_data_pipline.py for tasks to queue
[2025-04-11T16:28:23.497+0000] {logging_mixin.py:190} INFO - [2025-04-11T16:28:23.497+0000] {dagbag.py:588} INFO - Filling up the DagBag from /opt/airflow/dags/driven_data_pipline.py
[2025-04-11T16:28:23.647+0000] {processor.py:925} INFO - DAG(s) 'extract_raw_data_pipeline' retrieved from /opt/airflow/dags/driven_data_pipline.py
[2025-04-11T16:28:23.671+0000] {logging_mixin.py:190} INFO - [2025-04-11T16:28:23.671+0000] {dag.py:3239} INFO - Sync 1 DAGs
[2025-04-11T16:28:23.695+0000] {logging_mixin.py:190} INFO - [2025-04-11T16:28:23.695+0000] {dag.py:4180} INFO - Setting next_dagrun for extract_raw_data_pipeline to 2025-04-11 07:59:00+00:00, run_after=2025-04-12 07:00:00+00:00
[2025-04-11T16:28:23.713+0000] {processor.py:208} INFO - Processing /opt/airflow/dags/driven_data_pipline.py took 0.226 seconds
[2025-04-11T16:28:53.958+0000] {processor.py:186} INFO - Started process (PID=977) to work on /opt/airflow/dags/driven_data_pipline.py
[2025-04-11T16:28:53.960+0000] {processor.py:914} INFO - Processing file /opt/airflow/dags/driven_data_pipline.py for tasks to queue
[2025-04-11T16:28:53.963+0000] {logging_mixin.py:190} INFO - [2025-04-11T16:28:53.962+0000] {dagbag.py:588} INFO - Filling up the DagBag from /opt/airflow/dags/driven_data_pipline.py
[2025-04-11T16:28:54.097+0000] {processor.py:925} INFO - DAG(s) 'extract_raw_data_pipeline' retrieved from /opt/airflow/dags/driven_data_pipline.py
[2025-04-11T16:28:54.120+0000] {logging_mixin.py:190} INFO - [2025-04-11T16:28:54.120+0000] {dag.py:3239} INFO - Sync 1 DAGs
[2025-04-11T16:28:54.143+0000] {logging_mixin.py:190} INFO - [2025-04-11T16:28:54.142+0000] {dag.py:4180} INFO - Setting next_dagrun for extract_raw_data_pipeline to 2025-04-11 07:59:00+00:00, run_after=2025-04-12 07:00:00+00:00
[2025-04-11T16:28:54.162+0000] {processor.py:208} INFO - Processing /opt/airflow/dags/driven_data_pipline.py took 0.211 seconds
[2025-04-11T16:29:24.244+0000] {processor.py:186} INFO - Started process (PID=986) to work on /opt/airflow/dags/driven_data_pipline.py
[2025-04-11T16:29:24.245+0000] {processor.py:914} INFO - Processing file /opt/airflow/dags/driven_data_pipline.py for tasks to queue
[2025-04-11T16:29:24.247+0000] {logging_mixin.py:190} INFO - [2025-04-11T16:29:24.247+0000] {dagbag.py:588} INFO - Filling up the DagBag from /opt/airflow/dags/driven_data_pipline.py
[2025-04-11T16:29:24.384+0000] {processor.py:925} INFO - DAG(s) 'extract_raw_data_pipeline' retrieved from /opt/airflow/dags/driven_data_pipline.py
[2025-04-11T16:29:24.405+0000] {logging_mixin.py:190} INFO - [2025-04-11T16:29:24.405+0000] {dag.py:3239} INFO - Sync 1 DAGs
[2025-04-11T16:29:24.425+0000] {logging_mixin.py:190} INFO - [2025-04-11T16:29:24.425+0000] {dag.py:4180} INFO - Setting next_dagrun for extract_raw_data_pipeline to 2025-04-11 07:59:00+00:00, run_after=2025-04-12 07:00:00+00:00
[2025-04-11T16:29:24.442+0000] {processor.py:208} INFO - Processing /opt/airflow/dags/driven_data_pipline.py took 0.204 seconds
[2025-04-11T16:29:54.626+0000] {processor.py:186} INFO - Started process (PID=994) to work on /opt/airflow/dags/driven_data_pipline.py
[2025-04-11T16:29:54.627+0000] {processor.py:914} INFO - Processing file /opt/airflow/dags/driven_data_pipline.py for tasks to queue
[2025-04-11T16:29:54.629+0000] {logging_mixin.py:190} INFO - [2025-04-11T16:29:54.629+0000] {dagbag.py:588} INFO - Filling up the DagBag from /opt/airflow/dags/driven_data_pipline.py
[2025-04-11T16:29:54.756+0000] {processor.py:925} INFO - DAG(s) 'extract_raw_data_pipeline' retrieved from /opt/airflow/dags/driven_data_pipline.py
[2025-04-11T16:29:54.781+0000] {logging_mixin.py:190} INFO - [2025-04-11T16:29:54.780+0000] {dag.py:3239} INFO - Sync 1 DAGs
[2025-04-11T16:29:54.800+0000] {logging_mixin.py:190} INFO - [2025-04-11T16:29:54.800+0000] {dag.py:4180} INFO - Setting next_dagrun for extract_raw_data_pipeline to 2025-04-11 07:59:00+00:00, run_after=2025-04-12 07:00:00+00:00
[2025-04-11T16:29:54.818+0000] {processor.py:208} INFO - Processing /opt/airflow/dags/driven_data_pipline.py took 0.198 seconds
[2025-04-11T16:30:24.908+0000] {processor.py:186} INFO - Started process (PID=1002) to work on /opt/airflow/dags/driven_data_pipline.py
[2025-04-11T16:30:24.909+0000] {processor.py:914} INFO - Processing file /opt/airflow/dags/driven_data_pipline.py for tasks to queue
[2025-04-11T16:30:24.916+0000] {logging_mixin.py:190} INFO - [2025-04-11T16:30:24.915+0000] {dagbag.py:588} INFO - Filling up the DagBag from /opt/airflow/dags/driven_data_pipline.py
[2025-04-11T16:30:25.049+0000] {processor.py:925} INFO - DAG(s) 'extract_raw_data_pipeline' retrieved from /opt/airflow/dags/driven_data_pipline.py
[2025-04-11T16:30:25.072+0000] {logging_mixin.py:190} INFO - [2025-04-11T16:30:25.072+0000] {dag.py:3239} INFO - Sync 1 DAGs
[2025-04-11T16:30:25.093+0000] {logging_mixin.py:190} INFO - [2025-04-11T16:30:25.093+0000] {dag.py:4180} INFO - Setting next_dagrun for extract_raw_data_pipeline to 2025-04-11 07:59:00+00:00, run_after=2025-04-12 07:00:00+00:00
[2025-04-11T16:30:25.112+0000] {processor.py:208} INFO - Processing /opt/airflow/dags/driven_data_pipline.py took 0.209 seconds
[2025-04-11T16:30:55.310+0000] {processor.py:186} INFO - Started process (PID=1010) to work on /opt/airflow/dags/driven_data_pipline.py
[2025-04-11T16:30:55.310+0000] {processor.py:914} INFO - Processing file /opt/airflow/dags/driven_data_pipline.py for tasks to queue
[2025-04-11T16:30:55.313+0000] {logging_mixin.py:190} INFO - [2025-04-11T16:30:55.312+0000] {dagbag.py:588} INFO - Filling up the DagBag from /opt/airflow/dags/driven_data_pipline.py
[2025-04-11T16:30:55.436+0000] {processor.py:925} INFO - DAG(s) 'extract_raw_data_pipeline' retrieved from /opt/airflow/dags/driven_data_pipline.py
[2025-04-11T16:30:55.457+0000] {logging_mixin.py:190} INFO - [2025-04-11T16:30:55.456+0000] {dag.py:3239} INFO - Sync 1 DAGs
[2025-04-11T16:30:55.476+0000] {logging_mixin.py:190} INFO - [2025-04-11T16:30:55.476+0000] {dag.py:4180} INFO - Setting next_dagrun for extract_raw_data_pipeline to 2025-04-11 07:59:00+00:00, run_after=2025-04-12 07:00:00+00:00
[2025-04-11T16:30:55.493+0000] {processor.py:208} INFO - Processing /opt/airflow/dags/driven_data_pipline.py took 0.189 seconds
[2025-04-11T16:31:25.608+0000] {processor.py:186} INFO - Started process (PID=1018) to work on /opt/airflow/dags/driven_data_pipline.py
[2025-04-11T16:31:25.609+0000] {processor.py:914} INFO - Processing file /opt/airflow/dags/driven_data_pipline.py for tasks to queue
[2025-04-11T16:31:25.611+0000] {logging_mixin.py:190} INFO - [2025-04-11T16:31:25.611+0000] {dagbag.py:588} INFO - Filling up the DagBag from /opt/airflow/dags/driven_data_pipline.py
[2025-04-11T16:31:25.734+0000] {processor.py:925} INFO - DAG(s) 'extract_raw_data_pipeline' retrieved from /opt/airflow/dags/driven_data_pipline.py
[2025-04-11T16:31:25.755+0000] {logging_mixin.py:190} INFO - [2025-04-11T16:31:25.755+0000] {dag.py:3239} INFO - Sync 1 DAGs
[2025-04-11T16:31:25.774+0000] {logging_mixin.py:190} INFO - [2025-04-11T16:31:25.774+0000] {dag.py:4180} INFO - Setting next_dagrun for extract_raw_data_pipeline to 2025-04-11 07:59:00+00:00, run_after=2025-04-12 07:00:00+00:00
[2025-04-11T16:31:25.792+0000] {processor.py:208} INFO - Processing /opt/airflow/dags/driven_data_pipline.py took 0.189 seconds
[2025-04-11T16:31:56.046+0000] {processor.py:186} INFO - Started process (PID=1026) to work on /opt/airflow/dags/driven_data_pipline.py
[2025-04-11T16:31:56.047+0000] {processor.py:914} INFO - Processing file /opt/airflow/dags/driven_data_pipline.py for tasks to queue
[2025-04-11T16:31:56.052+0000] {logging_mixin.py:190} INFO - [2025-04-11T16:31:56.051+0000] {dagbag.py:588} INFO - Filling up the DagBag from /opt/airflow/dags/driven_data_pipline.py
[2025-04-11T16:31:56.218+0000] {processor.py:925} INFO - DAG(s) 'extract_raw_data_pipeline' retrieved from /opt/airflow/dags/driven_data_pipline.py
[2025-04-11T16:31:56.241+0000] {logging_mixin.py:190} INFO - [2025-04-11T16:31:56.240+0000] {dag.py:3239} INFO - Sync 1 DAGs
[2025-04-11T16:31:56.262+0000] {logging_mixin.py:190} INFO - [2025-04-11T16:31:56.262+0000] {dag.py:4180} INFO - Setting next_dagrun for extract_raw_data_pipeline to 2025-04-11 07:59:00+00:00, run_after=2025-04-12 07:00:00+00:00
[2025-04-11T16:31:56.284+0000] {processor.py:208} INFO - Processing /opt/airflow/dags/driven_data_pipline.py took 0.246 seconds
[2025-04-11T16:32:26.345+0000] {processor.py:186} INFO - Started process (PID=1034) to work on /opt/airflow/dags/driven_data_pipline.py
[2025-04-11T16:32:26.346+0000] {processor.py:914} INFO - Processing file /opt/airflow/dags/driven_data_pipline.py for tasks to queue
[2025-04-11T16:32:26.348+0000] {logging_mixin.py:190} INFO - [2025-04-11T16:32:26.348+0000] {dagbag.py:588} INFO - Filling up the DagBag from /opt/airflow/dags/driven_data_pipline.py
[2025-04-11T16:32:26.480+0000] {processor.py:925} INFO - DAG(s) 'extract_raw_data_pipeline' retrieved from /opt/airflow/dags/driven_data_pipline.py
[2025-04-11T16:32:26.502+0000] {logging_mixin.py:190} INFO - [2025-04-11T16:32:26.502+0000] {dag.py:3239} INFO - Sync 1 DAGs
[2025-04-11T16:32:26.522+0000] {logging_mixin.py:190} INFO - [2025-04-11T16:32:26.522+0000] {dag.py:4180} INFO - Setting next_dagrun for extract_raw_data_pipeline to 2025-04-11 07:59:00+00:00, run_after=2025-04-12 07:00:00+00:00
[2025-04-11T16:32:26.542+0000] {processor.py:208} INFO - Processing /opt/airflow/dags/driven_data_pipline.py took 0.203 seconds
[2025-04-11T16:32:56.836+0000] {processor.py:186} INFO - Started process (PID=1043) to work on /opt/airflow/dags/driven_data_pipline.py
[2025-04-11T16:32:56.837+0000] {processor.py:914} INFO - Processing file /opt/airflow/dags/driven_data_pipline.py for tasks to queue
[2025-04-11T16:32:56.840+0000] {logging_mixin.py:190} INFO - [2025-04-11T16:32:56.839+0000] {dagbag.py:588} INFO - Filling up the DagBag from /opt/airflow/dags/driven_data_pipline.py
[2025-04-11T16:32:56.965+0000] {processor.py:925} INFO - DAG(s) 'extract_raw_data_pipeline' retrieved from /opt/airflow/dags/driven_data_pipline.py
[2025-04-11T16:32:56.987+0000] {logging_mixin.py:190} INFO - [2025-04-11T16:32:56.987+0000] {dag.py:3239} INFO - Sync 1 DAGs
[2025-04-11T16:32:57.006+0000] {logging_mixin.py:190} INFO - [2025-04-11T16:32:57.006+0000] {dag.py:4180} INFO - Setting next_dagrun for extract_raw_data_pipeline to 2025-04-11 07:59:00+00:00, run_after=2025-04-12 07:00:00+00:00
[2025-04-11T16:32:57.023+0000] {processor.py:208} INFO - Processing /opt/airflow/dags/driven_data_pipline.py took 0.193 seconds
[2025-04-11T16:33:27.175+0000] {processor.py:186} INFO - Started process (PID=1051) to work on /opt/airflow/dags/driven_data_pipline.py
[2025-04-11T16:33:27.176+0000] {processor.py:914} INFO - Processing file /opt/airflow/dags/driven_data_pipline.py for tasks to queue
[2025-04-11T16:33:27.178+0000] {logging_mixin.py:190} INFO - [2025-04-11T16:33:27.178+0000] {dagbag.py:588} INFO - Filling up the DagBag from /opt/airflow/dags/driven_data_pipline.py
[2025-04-11T16:33:27.306+0000] {processor.py:925} INFO - DAG(s) 'extract_raw_data_pipeline' retrieved from /opt/airflow/dags/driven_data_pipline.py
[2025-04-11T16:33:27.326+0000] {logging_mixin.py:190} INFO - [2025-04-11T16:33:27.326+0000] {dag.py:3239} INFO - Sync 1 DAGs
[2025-04-11T16:33:27.345+0000] {logging_mixin.py:190} INFO - [2025-04-11T16:33:27.345+0000] {dag.py:4180} INFO - Setting next_dagrun for extract_raw_data_pipeline to 2025-04-11 07:59:00+00:00, run_after=2025-04-12 07:00:00+00:00
[2025-04-11T16:33:27.365+0000] {processor.py:208} INFO - Processing /opt/airflow/dags/driven_data_pipline.py took 0.196 seconds
[2025-04-11T16:33:57.553+0000] {processor.py:186} INFO - Started process (PID=1059) to work on /opt/airflow/dags/driven_data_pipline.py
[2025-04-11T16:33:57.554+0000] {processor.py:914} INFO - Processing file /opt/airflow/dags/driven_data_pipline.py for tasks to queue
[2025-04-11T16:33:57.557+0000] {logging_mixin.py:190} INFO - [2025-04-11T16:33:57.557+0000] {dagbag.py:588} INFO - Filling up the DagBag from /opt/airflow/dags/driven_data_pipline.py
[2025-04-11T16:33:57.710+0000] {processor.py:925} INFO - DAG(s) 'extract_raw_data_pipeline' retrieved from /opt/airflow/dags/driven_data_pipline.py
[2025-04-11T16:33:57.731+0000] {logging_mixin.py:190} INFO - [2025-04-11T16:33:57.731+0000] {dag.py:3239} INFO - Sync 1 DAGs
[2025-04-11T16:33:57.751+0000] {logging_mixin.py:190} INFO - [2025-04-11T16:33:57.751+0000] {dag.py:4180} INFO - Setting next_dagrun for extract_raw_data_pipeline to 2025-04-11 07:59:00+00:00, run_after=2025-04-12 07:00:00+00:00
[2025-04-11T16:33:57.767+0000] {processor.py:208} INFO - Processing /opt/airflow/dags/driven_data_pipline.py took 0.220 seconds
[2025-04-11T16:34:27.835+0000] {processor.py:186} INFO - Started process (PID=1067) to work on /opt/airflow/dags/driven_data_pipline.py
[2025-04-11T16:34:27.836+0000] {processor.py:914} INFO - Processing file /opt/airflow/dags/driven_data_pipline.py for tasks to queue
[2025-04-11T16:34:27.838+0000] {logging_mixin.py:190} INFO - [2025-04-11T16:34:27.838+0000] {dagbag.py:588} INFO - Filling up the DagBag from /opt/airflow/dags/driven_data_pipline.py
[2025-04-11T16:34:27.960+0000] {processor.py:925} INFO - DAG(s) 'extract_raw_data_pipeline' retrieved from /opt/airflow/dags/driven_data_pipline.py
[2025-04-11T16:34:27.981+0000] {logging_mixin.py:190} INFO - [2025-04-11T16:34:27.981+0000] {dag.py:3239} INFO - Sync 1 DAGs
[2025-04-11T16:34:28.001+0000] {logging_mixin.py:190} INFO - [2025-04-11T16:34:28.001+0000] {dag.py:4180} INFO - Setting next_dagrun for extract_raw_data_pipeline to 2025-04-11 07:59:00+00:00, run_after=2025-04-12 07:00:00+00:00
[2025-04-11T16:34:28.017+0000] {processor.py:208} INFO - Processing /opt/airflow/dags/driven_data_pipline.py took 0.188 seconds
[2025-04-11T16:34:58.266+0000] {processor.py:186} INFO - Started process (PID=1075) to work on /opt/airflow/dags/driven_data_pipline.py
[2025-04-11T16:34:58.267+0000] {processor.py:914} INFO - Processing file /opt/airflow/dags/driven_data_pipline.py for tasks to queue
[2025-04-11T16:34:58.269+0000] {logging_mixin.py:190} INFO - [2025-04-11T16:34:58.269+0000] {dagbag.py:588} INFO - Filling up the DagBag from /opt/airflow/dags/driven_data_pipline.py
[2025-04-11T16:34:58.388+0000] {processor.py:925} INFO - DAG(s) 'extract_raw_data_pipeline' retrieved from /opt/airflow/dags/driven_data_pipline.py
[2025-04-11T16:34:58.411+0000] {logging_mixin.py:190} INFO - [2025-04-11T16:34:58.411+0000] {dag.py:3239} INFO - Sync 1 DAGs
[2025-04-11T16:34:58.431+0000] {logging_mixin.py:190} INFO - [2025-04-11T16:34:58.431+0000] {dag.py:4180} INFO - Setting next_dagrun for extract_raw_data_pipeline to 2025-04-11 07:59:00+00:00, run_after=2025-04-12 07:00:00+00:00
[2025-04-11T16:34:58.451+0000] {processor.py:208} INFO - Processing /opt/airflow/dags/driven_data_pipline.py took 0.191 seconds
[2025-04-11T16:35:28.587+0000] {processor.py:186} INFO - Started process (PID=1083) to work on /opt/airflow/dags/driven_data_pipline.py
[2025-04-11T16:35:28.588+0000] {processor.py:914} INFO - Processing file /opt/airflow/dags/driven_data_pipline.py for tasks to queue
[2025-04-11T16:35:28.591+0000] {logging_mixin.py:190} INFO - [2025-04-11T16:35:28.590+0000] {dagbag.py:588} INFO - Filling up the DagBag from /opt/airflow/dags/driven_data_pipline.py
[2025-04-11T16:35:28.731+0000] {processor.py:925} INFO - DAG(s) 'extract_raw_data_pipeline' retrieved from /opt/airflow/dags/driven_data_pipline.py
[2025-04-11T16:35:28.756+0000] {logging_mixin.py:190} INFO - [2025-04-11T16:35:28.756+0000] {dag.py:3239} INFO - Sync 1 DAGs
[2025-04-11T16:35:28.782+0000] {logging_mixin.py:190} INFO - [2025-04-11T16:35:28.781+0000] {dag.py:4180} INFO - Setting next_dagrun for extract_raw_data_pipeline to 2025-04-11 07:59:00+00:00, run_after=2025-04-12 07:00:00+00:00
[2025-04-11T16:35:28.808+0000] {processor.py:208} INFO - Processing /opt/airflow/dags/driven_data_pipline.py took 0.225 seconds
[2025-04-11T16:35:58.958+0000] {processor.py:186} INFO - Started process (PID=1091) to work on /opt/airflow/dags/driven_data_pipline.py
[2025-04-11T16:35:58.959+0000] {processor.py:914} INFO - Processing file /opt/airflow/dags/driven_data_pipline.py for tasks to queue
[2025-04-11T16:35:58.961+0000] {logging_mixin.py:190} INFO - [2025-04-11T16:35:58.961+0000] {dagbag.py:588} INFO - Filling up the DagBag from /opt/airflow/dags/driven_data_pipline.py
[2025-04-11T16:35:59.113+0000] {processor.py:925} INFO - DAG(s) 'extract_raw_data_pipeline' retrieved from /opt/airflow/dags/driven_data_pipline.py
[2025-04-11T16:35:59.136+0000] {logging_mixin.py:190} INFO - [2025-04-11T16:35:59.136+0000] {dag.py:3239} INFO - Sync 1 DAGs
[2025-04-11T16:35:59.160+0000] {logging_mixin.py:190} INFO - [2025-04-11T16:35:59.159+0000] {dag.py:4180} INFO - Setting next_dagrun for extract_raw_data_pipeline to 2025-04-11 07:59:00+00:00, run_after=2025-04-12 07:00:00+00:00
[2025-04-11T16:35:59.190+0000] {processor.py:208} INFO - Processing /opt/airflow/dags/driven_data_pipline.py took 0.236 seconds
[2025-04-11T16:39:43.965+0000] {processor.py:186} INFO - Started process (PID=54) to work on /opt/airflow/dags/driven_data_pipline.py
[2025-04-11T16:39:43.967+0000] {processor.py:914} INFO - Processing file /opt/airflow/dags/driven_data_pipline.py for tasks to queue
[2025-04-11T16:39:43.970+0000] {logging_mixin.py:190} INFO - [2025-04-11T16:39:43.970+0000] {dagbag.py:588} INFO - Filling up the DagBag from /opt/airflow/dags/driven_data_pipline.py
[2025-04-11T16:39:44.771+0000] {processor.py:925} INFO - DAG(s) 'extract_raw_data_pipeline' retrieved from /opt/airflow/dags/driven_data_pipline.py
[2025-04-11T16:39:45.050+0000] {logging_mixin.py:190} INFO - [2025-04-11T16:39:45.049+0000] {override.py:1900} INFO - Created Permission View: can edit on DAG:extract_raw_data_pipeline
[2025-04-11T16:39:45.069+0000] {logging_mixin.py:190} INFO - [2025-04-11T16:39:45.068+0000] {override.py:1900} INFO - Created Permission View: can read on DAG:extract_raw_data_pipeline
[2025-04-11T16:39:45.080+0000] {logging_mixin.py:190} INFO - [2025-04-11T16:39:45.079+0000] {override.py:1900} INFO - Created Permission View: can delete on DAG:extract_raw_data_pipeline
[2025-04-11T16:39:45.092+0000] {logging_mixin.py:190} INFO - [2025-04-11T16:39:45.092+0000] {override.py:1900} INFO - Created Permission View: menu access on DAG Run:extract_raw_data_pipeline
[2025-04-11T16:39:45.104+0000] {logging_mixin.py:190} INFO - [2025-04-11T16:39:45.104+0000] {override.py:1900} INFO - Created Permission View: can create on DAG Run:extract_raw_data_pipeline
[2025-04-11T16:39:45.115+0000] {logging_mixin.py:190} INFO - [2025-04-11T16:39:45.114+0000] {override.py:1900} INFO - Created Permission View: can read on DAG Run:extract_raw_data_pipeline
[2025-04-11T16:39:45.125+0000] {logging_mixin.py:190} INFO - [2025-04-11T16:39:45.125+0000] {override.py:1900} INFO - Created Permission View: can delete on DAG Run:extract_raw_data_pipeline
[2025-04-11T16:39:45.126+0000] {logging_mixin.py:190} INFO - [2025-04-11T16:39:45.126+0000] {dag.py:3239} INFO - Sync 1 DAGs
[2025-04-11T16:39:45.143+0000] {logging_mixin.py:190} INFO - [2025-04-11T16:39:45.143+0000] {dag.py:3262} INFO - Creating ORM DAG for extract_raw_data_pipeline
[2025-04-11T16:39:45.158+0000] {logging_mixin.py:190} INFO - [2025-04-11T16:39:45.157+0000] {dag.py:4180} INFO - Setting next_dagrun for extract_raw_data_pipeline to 2025-04-11 07:58:00+00:00, run_after=2025-04-11 07:59:00+00:00
[2025-04-11T16:39:45.186+0000] {processor.py:208} INFO - Processing /opt/airflow/dags/driven_data_pipline.py took 1.230 seconds
[2025-04-11T16:40:15.254+0000] {processor.py:186} INFO - Started process (PID=62) to work on /opt/airflow/dags/driven_data_pipline.py
[2025-04-11T16:40:15.255+0000] {processor.py:914} INFO - Processing file /opt/airflow/dags/driven_data_pipline.py for tasks to queue
[2025-04-11T16:40:15.257+0000] {logging_mixin.py:190} INFO - [2025-04-11T16:40:15.257+0000] {dagbag.py:588} INFO - Filling up the DagBag from /opt/airflow/dags/driven_data_pipline.py
[2025-04-11T16:40:15.522+0000] {processor.py:925} INFO - DAG(s) 'extract_raw_data_pipeline' retrieved from /opt/airflow/dags/driven_data_pipline.py
[2025-04-11T16:40:15.541+0000] {logging_mixin.py:190} INFO - [2025-04-11T16:40:15.541+0000] {dag.py:3239} INFO - Sync 1 DAGs
[2025-04-11T16:40:15.558+0000] {logging_mixin.py:190} INFO - [2025-04-11T16:40:15.558+0000] {dag.py:4180} INFO - Setting next_dagrun for extract_raw_data_pipeline to 2025-04-11 07:58:00+00:00, run_after=2025-04-11 07:59:00+00:00
[2025-04-11T16:40:15.576+0000] {processor.py:208} INFO - Processing /opt/airflow/dags/driven_data_pipline.py took 0.327 seconds
[2025-04-11T16:40:45.657+0000] {processor.py:186} INFO - Started process (PID=70) to work on /opt/airflow/dags/driven_data_pipline.py
[2025-04-11T16:40:45.657+0000] {processor.py:914} INFO - Processing file /opt/airflow/dags/driven_data_pipline.py for tasks to queue
[2025-04-11T16:40:45.660+0000] {logging_mixin.py:190} INFO - [2025-04-11T16:40:45.659+0000] {dagbag.py:588} INFO - Filling up the DagBag from /opt/airflow/dags/driven_data_pipline.py
[2025-04-11T16:40:45.900+0000] {processor.py:925} INFO - DAG(s) 'extract_raw_data_pipeline' retrieved from /opt/airflow/dags/driven_data_pipline.py
[2025-04-11T16:40:45.920+0000] {logging_mixin.py:190} INFO - [2025-04-11T16:40:45.920+0000] {dag.py:3239} INFO - Sync 1 DAGs
[2025-04-11T16:40:45.936+0000] {logging_mixin.py:190} INFO - [2025-04-11T16:40:45.936+0000] {dag.py:4180} INFO - Setting next_dagrun for extract_raw_data_pipeline to 2025-04-11 07:58:00+00:00, run_after=2025-04-11 07:59:00+00:00
[2025-04-11T16:40:45.952+0000] {processor.py:208} INFO - Processing /opt/airflow/dags/driven_data_pipline.py took 0.300 seconds
[2025-04-11T16:41:16.168+0000] {processor.py:186} INFO - Started process (PID=78) to work on /opt/airflow/dags/driven_data_pipline.py
[2025-04-11T16:41:16.169+0000] {processor.py:914} INFO - Processing file /opt/airflow/dags/driven_data_pipline.py for tasks to queue
[2025-04-11T16:41:16.172+0000] {logging_mixin.py:190} INFO - [2025-04-11T16:41:16.171+0000] {dagbag.py:588} INFO - Filling up the DagBag from /opt/airflow/dags/driven_data_pipline.py
[2025-04-11T16:41:16.470+0000] {processor.py:925} INFO - DAG(s) 'extract_raw_data_pipeline' retrieved from /opt/airflow/dags/driven_data_pipline.py
[2025-04-11T16:41:16.490+0000] {logging_mixin.py:190} INFO - [2025-04-11T16:41:16.490+0000] {dag.py:3239} INFO - Sync 1 DAGs
[2025-04-11T16:41:16.507+0000] {logging_mixin.py:190} INFO - [2025-04-11T16:41:16.507+0000] {dag.py:4180} INFO - Setting next_dagrun for extract_raw_data_pipeline to 2025-04-11 07:58:00+00:00, run_after=2025-04-11 07:59:00+00:00
[2025-04-11T16:41:16.522+0000] {processor.py:208} INFO - Processing /opt/airflow/dags/driven_data_pipline.py took 0.359 seconds
[2025-04-11T16:41:46.764+0000] {processor.py:186} INFO - Started process (PID=86) to work on /opt/airflow/dags/driven_data_pipline.py
[2025-04-11T16:41:46.764+0000] {processor.py:914} INFO - Processing file /opt/airflow/dags/driven_data_pipline.py for tasks to queue
[2025-04-11T16:41:46.767+0000] {logging_mixin.py:190} INFO - [2025-04-11T16:41:46.766+0000] {dagbag.py:588} INFO - Filling up the DagBag from /opt/airflow/dags/driven_data_pipline.py
[2025-04-11T16:41:47.066+0000] {processor.py:925} INFO - DAG(s) 'extract_raw_data_pipeline' retrieved from /opt/airflow/dags/driven_data_pipline.py
[2025-04-11T16:41:47.085+0000] {logging_mixin.py:190} INFO - [2025-04-11T16:41:47.085+0000] {dag.py:3239} INFO - Sync 1 DAGs
[2025-04-11T16:41:47.102+0000] {logging_mixin.py:190} INFO - [2025-04-11T16:41:47.102+0000] {dag.py:4180} INFO - Setting next_dagrun for extract_raw_data_pipeline to 2025-04-11 07:58:00+00:00, run_after=2025-04-11 07:59:00+00:00
[2025-04-11T16:41:47.120+0000] {processor.py:208} INFO - Processing /opt/airflow/dags/driven_data_pipline.py took 0.361 seconds
[2025-04-11T16:42:17.324+0000] {processor.py:186} INFO - Started process (PID=100) to work on /opt/airflow/dags/driven_data_pipline.py
[2025-04-11T16:42:17.325+0000] {processor.py:914} INFO - Processing file /opt/airflow/dags/driven_data_pipline.py for tasks to queue
[2025-04-11T16:42:17.327+0000] {logging_mixin.py:190} INFO - [2025-04-11T16:42:17.327+0000] {dagbag.py:588} INFO - Filling up the DagBag from /opt/airflow/dags/driven_data_pipline.py
[2025-04-11T16:42:17.593+0000] {processor.py:925} INFO - DAG(s) 'extract_raw_data_pipeline' retrieved from /opt/airflow/dags/driven_data_pipline.py
[2025-04-11T16:42:17.611+0000] {logging_mixin.py:190} INFO - [2025-04-11T16:42:17.610+0000] {dag.py:3239} INFO - Sync 1 DAGs
[2025-04-11T16:42:17.629+0000] {logging_mixin.py:190} INFO - [2025-04-11T16:42:17.629+0000] {dag.py:4180} INFO - Setting next_dagrun for extract_raw_data_pipeline to 2025-04-11 07:59:00+00:00, run_after=2025-04-12 07:00:00+00:00
[2025-04-11T16:42:17.646+0000] {processor.py:208} INFO - Processing /opt/airflow/dags/driven_data_pipline.py took 0.328 seconds
[2025-04-11T16:42:47.903+0000] {processor.py:186} INFO - Started process (PID=108) to work on /opt/airflow/dags/driven_data_pipline.py
[2025-04-11T16:42:47.904+0000] {processor.py:914} INFO - Processing file /opt/airflow/dags/driven_data_pipline.py for tasks to queue
[2025-04-11T16:42:47.906+0000] {logging_mixin.py:190} INFO - [2025-04-11T16:42:47.906+0000] {dagbag.py:588} INFO - Filling up the DagBag from /opt/airflow/dags/driven_data_pipline.py
[2025-04-11T16:42:48.151+0000] {processor.py:925} INFO - DAG(s) 'extract_raw_data_pipeline' retrieved from /opt/airflow/dags/driven_data_pipline.py
[2025-04-11T16:42:48.172+0000] {logging_mixin.py:190} INFO - [2025-04-11T16:42:48.171+0000] {dag.py:3239} INFO - Sync 1 DAGs
[2025-04-11T16:42:48.187+0000] {logging_mixin.py:190} INFO - [2025-04-11T16:42:48.187+0000] {dag.py:4180} INFO - Setting next_dagrun for extract_raw_data_pipeline to 2025-04-11 07:59:00+00:00, run_after=2025-04-12 07:00:00+00:00
[2025-04-11T16:42:48.204+0000] {processor.py:208} INFO - Processing /opt/airflow/dags/driven_data_pipline.py took 0.307 seconds
[2025-04-11T16:43:18.453+0000] {processor.py:186} INFO - Started process (PID=122) to work on /opt/airflow/dags/driven_data_pipline.py
[2025-04-11T16:43:18.454+0000] {processor.py:914} INFO - Processing file /opt/airflow/dags/driven_data_pipline.py for tasks to queue
[2025-04-11T16:43:18.456+0000] {logging_mixin.py:190} INFO - [2025-04-11T16:43:18.456+0000] {dagbag.py:588} INFO - Filling up the DagBag from /opt/airflow/dags/driven_data_pipline.py
[2025-04-11T16:43:18.708+0000] {processor.py:925} INFO - DAG(s) 'extract_raw_data_pipeline' retrieved from /opt/airflow/dags/driven_data_pipline.py
[2025-04-11T16:43:18.728+0000] {logging_mixin.py:190} INFO - [2025-04-11T16:43:18.728+0000] {dag.py:3239} INFO - Sync 1 DAGs
[2025-04-11T16:43:18.745+0000] {logging_mixin.py:190} INFO - [2025-04-11T16:43:18.745+0000] {dag.py:4180} INFO - Setting next_dagrun for extract_raw_data_pipeline to 2025-04-11 07:59:00+00:00, run_after=2025-04-12 07:00:00+00:00
[2025-04-11T16:43:18.761+0000] {processor.py:208} INFO - Processing /opt/airflow/dags/driven_data_pipline.py took 0.313 seconds
[2025-04-11T16:43:49.087+0000] {processor.py:186} INFO - Started process (PID=130) to work on /opt/airflow/dags/driven_data_pipline.py
[2025-04-11T16:43:49.088+0000] {processor.py:914} INFO - Processing file /opt/airflow/dags/driven_data_pipline.py for tasks to queue
[2025-04-11T16:43:49.091+0000] {logging_mixin.py:190} INFO - [2025-04-11T16:43:49.090+0000] {dagbag.py:588} INFO - Filling up the DagBag from /opt/airflow/dags/driven_data_pipline.py
[2025-04-11T16:43:49.356+0000] {processor.py:925} INFO - DAG(s) 'extract_raw_data_pipeline' retrieved from /opt/airflow/dags/driven_data_pipline.py
[2025-04-11T16:43:49.376+0000] {logging_mixin.py:190} INFO - [2025-04-11T16:43:49.376+0000] {dag.py:3239} INFO - Sync 1 DAGs
[2025-04-11T16:43:49.394+0000] {logging_mixin.py:190} INFO - [2025-04-11T16:43:49.394+0000] {dag.py:4180} INFO - Setting next_dagrun for extract_raw_data_pipeline to 2025-04-11 07:59:00+00:00, run_after=2025-04-12 07:00:00+00:00
[2025-04-11T16:43:49.413+0000] {processor.py:208} INFO - Processing /opt/airflow/dags/driven_data_pipline.py took 0.331 seconds
[2025-04-11T16:44:19.643+0000] {processor.py:186} INFO - Started process (PID=138) to work on /opt/airflow/dags/driven_data_pipline.py
[2025-04-11T16:44:19.646+0000] {processor.py:914} INFO - Processing file /opt/airflow/dags/driven_data_pipline.py for tasks to queue
[2025-04-11T16:44:19.652+0000] {logging_mixin.py:190} INFO - [2025-04-11T16:44:19.651+0000] {dagbag.py:588} INFO - Filling up the DagBag from /opt/airflow/dags/driven_data_pipline.py
[2025-04-11T16:44:20.005+0000] {processor.py:925} INFO - DAG(s) 'extract_raw_data_pipeline' retrieved from /opt/airflow/dags/driven_data_pipline.py
[2025-04-11T16:44:20.034+0000] {logging_mixin.py:190} INFO - [2025-04-11T16:44:20.034+0000] {dag.py:3239} INFO - Sync 1 DAGs
[2025-04-11T16:44:20.082+0000] {logging_mixin.py:190} INFO - [2025-04-11T16:44:20.082+0000] {dag.py:4180} INFO - Setting next_dagrun for extract_raw_data_pipeline to 2025-04-11 07:59:00+00:00, run_after=2025-04-12 07:00:00+00:00
[2025-04-11T16:44:20.104+0000] {processor.py:208} INFO - Processing /opt/airflow/dags/driven_data_pipline.py took 0.468 seconds
[2025-04-11T16:44:50.361+0000] {processor.py:186} INFO - Started process (PID=146) to work on /opt/airflow/dags/driven_data_pipline.py
[2025-04-11T16:44:50.362+0000] {processor.py:914} INFO - Processing file /opt/airflow/dags/driven_data_pipline.py for tasks to queue
[2025-04-11T16:44:50.364+0000] {logging_mixin.py:190} INFO - [2025-04-11T16:44:50.364+0000] {dagbag.py:588} INFO - Filling up the DagBag from /opt/airflow/dags/driven_data_pipline.py
[2025-04-11T16:44:50.663+0000] {processor.py:925} INFO - DAG(s) 'extract_raw_data_pipeline' retrieved from /opt/airflow/dags/driven_data_pipline.py
[2025-04-11T16:44:50.684+0000] {logging_mixin.py:190} INFO - [2025-04-11T16:44:50.684+0000] {dag.py:3239} INFO - Sync 1 DAGs
[2025-04-11T16:44:50.702+0000] {logging_mixin.py:190} INFO - [2025-04-11T16:44:50.702+0000] {dag.py:4180} INFO - Setting next_dagrun for extract_raw_data_pipeline to 2025-04-11 07:59:00+00:00, run_after=2025-04-12 07:00:00+00:00
[2025-04-11T16:44:50.720+0000] {processor.py:208} INFO - Processing /opt/airflow/dags/driven_data_pipline.py took 0.365 seconds
[2025-04-11T16:45:20.907+0000] {processor.py:186} INFO - Started process (PID=158) to work on /opt/airflow/dags/driven_data_pipline.py
[2025-04-11T16:45:20.908+0000] {processor.py:914} INFO - Processing file /opt/airflow/dags/driven_data_pipline.py for tasks to queue
[2025-04-11T16:45:20.910+0000] {logging_mixin.py:190} INFO - [2025-04-11T16:45:20.909+0000] {dagbag.py:588} INFO - Filling up the DagBag from /opt/airflow/dags/driven_data_pipline.py
[2025-04-11T16:45:21.174+0000] {processor.py:925} INFO - DAG(s) 'extract_raw_data_pipeline' retrieved from /opt/airflow/dags/driven_data_pipline.py
[2025-04-11T16:45:21.194+0000] {logging_mixin.py:190} INFO - [2025-04-11T16:45:21.193+0000] {dag.py:3239} INFO - Sync 1 DAGs
[2025-04-11T16:45:21.212+0000] {logging_mixin.py:190} INFO - [2025-04-11T16:45:21.212+0000] {dag.py:4180} INFO - Setting next_dagrun for extract_raw_data_pipeline to 2025-04-11 07:59:00+00:00, run_after=2025-04-12 07:00:00+00:00
[2025-04-11T16:45:21.230+0000] {processor.py:208} INFO - Processing /opt/airflow/dags/driven_data_pipline.py took 0.328 seconds
[2025-04-11T16:45:51.491+0000] {processor.py:186} INFO - Started process (PID=166) to work on /opt/airflow/dags/driven_data_pipline.py
[2025-04-11T16:45:51.492+0000] {processor.py:914} INFO - Processing file /opt/airflow/dags/driven_data_pipline.py for tasks to queue
[2025-04-11T16:45:51.494+0000] {logging_mixin.py:190} INFO - [2025-04-11T16:45:51.494+0000] {dagbag.py:588} INFO - Filling up the DagBag from /opt/airflow/dags/driven_data_pipline.py
[2025-04-11T16:45:51.756+0000] {processor.py:925} INFO - DAG(s) 'extract_raw_data_pipeline' retrieved from /opt/airflow/dags/driven_data_pipline.py
[2025-04-11T16:45:51.776+0000] {logging_mixin.py:190} INFO - [2025-04-11T16:45:51.776+0000] {dag.py:3239} INFO - Sync 1 DAGs
[2025-04-11T16:45:51.793+0000] {logging_mixin.py:190} INFO - [2025-04-11T16:45:51.793+0000] {dag.py:4180} INFO - Setting next_dagrun for extract_raw_data_pipeline to 2025-04-11 07:59:00+00:00, run_after=2025-04-12 07:00:00+00:00
[2025-04-11T16:45:51.810+0000] {processor.py:208} INFO - Processing /opt/airflow/dags/driven_data_pipline.py took 0.325 seconds
[2025-04-11T16:46:22.046+0000] {processor.py:186} INFO - Started process (PID=174) to work on /opt/airflow/dags/driven_data_pipline.py
[2025-04-11T16:46:22.047+0000] {processor.py:914} INFO - Processing file /opt/airflow/dags/driven_data_pipline.py for tasks to queue
[2025-04-11T16:46:22.049+0000] {logging_mixin.py:190} INFO - [2025-04-11T16:46:22.049+0000] {dagbag.py:588} INFO - Filling up the DagBag from /opt/airflow/dags/driven_data_pipline.py
[2025-04-11T16:46:22.303+0000] {processor.py:925} INFO - DAG(s) 'extract_raw_data_pipeline' retrieved from /opt/airflow/dags/driven_data_pipline.py
[2025-04-11T16:46:22.322+0000] {logging_mixin.py:190} INFO - [2025-04-11T16:46:22.321+0000] {dag.py:3239} INFO - Sync 1 DAGs
[2025-04-11T16:46:22.340+0000] {logging_mixin.py:190} INFO - [2025-04-11T16:46:22.340+0000] {dag.py:4180} INFO - Setting next_dagrun for extract_raw_data_pipeline to 2025-04-11 07:59:00+00:00, run_after=2025-04-12 07:00:00+00:00
[2025-04-11T16:46:22.354+0000] {processor.py:208} INFO - Processing /opt/airflow/dags/driven_data_pipline.py took 0.314 seconds
[2025-04-11T16:46:52.633+0000] {processor.py:186} INFO - Started process (PID=182) to work on /opt/airflow/dags/driven_data_pipline.py
[2025-04-11T16:46:52.634+0000] {processor.py:914} INFO - Processing file /opt/airflow/dags/driven_data_pipline.py for tasks to queue
[2025-04-11T16:46:52.638+0000] {logging_mixin.py:190} INFO - [2025-04-11T16:46:52.637+0000] {dagbag.py:588} INFO - Filling up the DagBag from /opt/airflow/dags/driven_data_pipline.py
[2025-04-11T16:46:52.934+0000] {processor.py:925} INFO - DAG(s) 'extract_raw_data_pipeline' retrieved from /opt/airflow/dags/driven_data_pipline.py
[2025-04-11T16:46:52.955+0000] {logging_mixin.py:190} INFO - [2025-04-11T16:46:52.955+0000] {dag.py:3239} INFO - Sync 1 DAGs
[2025-04-11T16:46:52.972+0000] {logging_mixin.py:190} INFO - [2025-04-11T16:46:52.972+0000] {dag.py:4180} INFO - Setting next_dagrun for extract_raw_data_pipeline to 2025-04-11 07:59:00+00:00, run_after=2025-04-12 07:00:00+00:00
[2025-04-11T16:46:52.987+0000] {processor.py:208} INFO - Processing /opt/airflow/dags/driven_data_pipline.py took 0.361 seconds
[2025-04-11T16:47:09.762+0000] {processor.py:186} INFO - Started process (PID=184) to work on /opt/airflow/dags/driven_data_pipline.py
[2025-04-11T16:47:09.763+0000] {processor.py:914} INFO - Processing file /opt/airflow/dags/driven_data_pipline.py for tasks to queue
[2025-04-11T16:47:09.765+0000] {logging_mixin.py:190} INFO - [2025-04-11T16:47:09.765+0000] {dagbag.py:588} INFO - Filling up the DagBag from /opt/airflow/dags/driven_data_pipline.py
[2025-04-11T16:47:10.097+0000] {processor.py:925} INFO - DAG(s) 'extract_raw_data_pipeline' retrieved from /opt/airflow/dags/driven_data_pipline.py
[2025-04-11T16:47:10.115+0000] {logging_mixin.py:190} INFO - [2025-04-11T16:47:10.115+0000] {dag.py:3239} INFO - Sync 1 DAGs
[2025-04-11T16:47:10.133+0000] {logging_mixin.py:190} INFO - [2025-04-11T16:47:10.133+0000] {dag.py:4180} INFO - Setting next_dagrun for extract_raw_data_pipeline to 2025-04-11 07:59:00+00:00, run_after=2025-04-12 07:00:00+00:00
[2025-04-11T16:47:10.150+0000] {processor.py:208} INFO - Processing /opt/airflow/dags/driven_data_pipline.py took 0.394 seconds
[2025-04-11T16:47:40.349+0000] {processor.py:186} INFO - Started process (PID=192) to work on /opt/airflow/dags/driven_data_pipline.py
[2025-04-11T16:47:40.350+0000] {processor.py:914} INFO - Processing file /opt/airflow/dags/driven_data_pipline.py for tasks to queue
[2025-04-11T16:47:40.352+0000] {logging_mixin.py:190} INFO - [2025-04-11T16:47:40.352+0000] {dagbag.py:588} INFO - Filling up the DagBag from /opt/airflow/dags/driven_data_pipline.py
[2025-04-11T16:47:40.609+0000] {processor.py:925} INFO - DAG(s) 'extract_raw_data_pipeline' retrieved from /opt/airflow/dags/driven_data_pipline.py
[2025-04-11T16:47:40.628+0000] {logging_mixin.py:190} INFO - [2025-04-11T16:47:40.628+0000] {dag.py:3239} INFO - Sync 1 DAGs
[2025-04-11T16:47:40.645+0000] {logging_mixin.py:190} INFO - [2025-04-11T16:47:40.645+0000] {dag.py:4180} INFO - Setting next_dagrun for extract_raw_data_pipeline to 2025-04-11 07:59:00+00:00, run_after=2025-04-12 07:00:00+00:00
[2025-04-11T16:47:40.664+0000] {processor.py:208} INFO - Processing /opt/airflow/dags/driven_data_pipline.py took 0.321 seconds
[2025-04-11T16:48:11.043+0000] {processor.py:186} INFO - Started process (PID=204) to work on /opt/airflow/dags/driven_data_pipline.py
[2025-04-11T16:48:11.044+0000] {processor.py:914} INFO - Processing file /opt/airflow/dags/driven_data_pipline.py for tasks to queue
[2025-04-11T16:48:11.047+0000] {logging_mixin.py:190} INFO - [2025-04-11T16:48:11.046+0000] {dagbag.py:588} INFO - Filling up the DagBag from /opt/airflow/dags/driven_data_pipline.py
[2025-04-11T16:48:11.185+0000] {processor.py:925} INFO - DAG(s) 'extract_raw_data_pipeline' retrieved from /opt/airflow/dags/driven_data_pipline.py
[2025-04-11T16:48:11.207+0000] {logging_mixin.py:190} INFO - [2025-04-11T16:48:11.207+0000] {dag.py:3239} INFO - Sync 1 DAGs
[2025-04-11T16:48:11.230+0000] {logging_mixin.py:190} INFO - [2025-04-11T16:48:11.229+0000] {dag.py:4180} INFO - Setting next_dagrun for extract_raw_data_pipeline to 2025-04-11 07:59:00+00:00, run_after=2025-04-12 07:00:00+00:00
[2025-04-11T16:48:11.246+0000] {processor.py:208} INFO - Processing /opt/airflow/dags/driven_data_pipline.py took 0.210 seconds
[2025-04-11T16:48:41.441+0000] {processor.py:186} INFO - Started process (PID=212) to work on /opt/airflow/dags/driven_data_pipline.py
[2025-04-11T16:48:41.442+0000] {processor.py:914} INFO - Processing file /opt/airflow/dags/driven_data_pipline.py for tasks to queue
[2025-04-11T16:48:41.444+0000] {logging_mixin.py:190} INFO - [2025-04-11T16:48:41.444+0000] {dagbag.py:588} INFO - Filling up the DagBag from /opt/airflow/dags/driven_data_pipline.py
[2025-04-11T16:48:41.588+0000] {processor.py:925} INFO - DAG(s) 'extract_raw_data_pipeline' retrieved from /opt/airflow/dags/driven_data_pipline.py
[2025-04-11T16:48:41.613+0000] {logging_mixin.py:190} INFO - [2025-04-11T16:48:41.613+0000] {dag.py:3239} INFO - Sync 1 DAGs
[2025-04-11T16:48:41.640+0000] {logging_mixin.py:190} INFO - [2025-04-11T16:48:41.640+0000] {dag.py:4180} INFO - Setting next_dagrun for extract_raw_data_pipeline to 2025-04-11 07:59:00+00:00, run_after=2025-04-12 07:00:00+00:00
[2025-04-11T16:48:41.663+0000] {processor.py:208} INFO - Processing /opt/airflow/dags/driven_data_pipline.py took 0.230 seconds
[2025-04-11T16:49:11.876+0000] {processor.py:186} INFO - Started process (PID=220) to work on /opt/airflow/dags/driven_data_pipline.py
[2025-04-11T16:49:11.877+0000] {processor.py:914} INFO - Processing file /opt/airflow/dags/driven_data_pipline.py for tasks to queue
[2025-04-11T16:49:11.880+0000] {logging_mixin.py:190} INFO - [2025-04-11T16:49:11.879+0000] {dagbag.py:588} INFO - Filling up the DagBag from /opt/airflow/dags/driven_data_pipline.py
[2025-04-11T16:49:12.009+0000] {processor.py:925} INFO - DAG(s) 'extract_raw_data_pipeline' retrieved from /opt/airflow/dags/driven_data_pipline.py
[2025-04-11T16:49:12.031+0000] {logging_mixin.py:190} INFO - [2025-04-11T16:49:12.031+0000] {dag.py:3239} INFO - Sync 1 DAGs
[2025-04-11T16:49:12.050+0000] {logging_mixin.py:190} INFO - [2025-04-11T16:49:12.050+0000] {dag.py:4180} INFO - Setting next_dagrun for extract_raw_data_pipeline to 2025-04-11 07:59:00+00:00, run_after=2025-04-12 07:00:00+00:00
[2025-04-11T16:49:12.068+0000] {processor.py:208} INFO - Processing /opt/airflow/dags/driven_data_pipline.py took 0.198 seconds
[2025-04-11T16:49:42.308+0000] {processor.py:186} INFO - Started process (PID=228) to work on /opt/airflow/dags/driven_data_pipline.py
[2025-04-11T16:49:42.309+0000] {processor.py:914} INFO - Processing file /opt/airflow/dags/driven_data_pipline.py for tasks to queue
[2025-04-11T16:49:42.311+0000] {logging_mixin.py:190} INFO - [2025-04-11T16:49:42.311+0000] {dagbag.py:588} INFO - Filling up the DagBag from /opt/airflow/dags/driven_data_pipline.py
[2025-04-11T16:49:42.438+0000] {processor.py:925} INFO - DAG(s) 'extract_raw_data_pipeline' retrieved from /opt/airflow/dags/driven_data_pipline.py
[2025-04-11T16:49:42.460+0000] {logging_mixin.py:190} INFO - [2025-04-11T16:49:42.460+0000] {dag.py:3239} INFO - Sync 1 DAGs
[2025-04-11T16:49:42.480+0000] {logging_mixin.py:190} INFO - [2025-04-11T16:49:42.480+0000] {dag.py:4180} INFO - Setting next_dagrun for extract_raw_data_pipeline to 2025-04-11 07:59:00+00:00, run_after=2025-04-12 07:00:00+00:00
[2025-04-11T16:49:42.499+0000] {processor.py:208} INFO - Processing /opt/airflow/dags/driven_data_pipline.py took 0.196 seconds
[2025-04-11T16:50:12.555+0000] {processor.py:186} INFO - Started process (PID=236) to work on /opt/airflow/dags/driven_data_pipline.py
[2025-04-11T16:50:12.556+0000] {processor.py:914} INFO - Processing file /opt/airflow/dags/driven_data_pipline.py for tasks to queue
[2025-04-11T16:50:12.558+0000] {logging_mixin.py:190} INFO - [2025-04-11T16:50:12.558+0000] {dagbag.py:588} INFO - Filling up the DagBag from /opt/airflow/dags/driven_data_pipline.py
[2025-04-11T16:50:12.701+0000] {processor.py:925} INFO - DAG(s) 'extract_raw_data_pipeline' retrieved from /opt/airflow/dags/driven_data_pipline.py
[2025-04-11T16:50:12.725+0000] {logging_mixin.py:190} INFO - [2025-04-11T16:50:12.725+0000] {dag.py:3239} INFO - Sync 1 DAGs
[2025-04-11T16:50:12.750+0000] {logging_mixin.py:190} INFO - [2025-04-11T16:50:12.749+0000] {dag.py:4180} INFO - Setting next_dagrun for extract_raw_data_pipeline to 2025-04-11 07:59:00+00:00, run_after=2025-04-12 07:00:00+00:00
[2025-04-11T16:50:12.769+0000] {processor.py:208} INFO - Processing /opt/airflow/dags/driven_data_pipline.py took 0.221 seconds
[2025-04-11T16:50:42.953+0000] {processor.py:186} INFO - Started process (PID=244) to work on /opt/airflow/dags/driven_data_pipline.py
[2025-04-11T16:50:42.954+0000] {processor.py:914} INFO - Processing file /opt/airflow/dags/driven_data_pipline.py for tasks to queue
[2025-04-11T16:50:42.956+0000] {logging_mixin.py:190} INFO - [2025-04-11T16:50:42.956+0000] {dagbag.py:588} INFO - Filling up the DagBag from /opt/airflow/dags/driven_data_pipline.py
[2025-04-11T16:50:43.099+0000] {processor.py:925} INFO - DAG(s) 'extract_raw_data_pipeline' retrieved from /opt/airflow/dags/driven_data_pipline.py
[2025-04-11T16:50:43.127+0000] {logging_mixin.py:190} INFO - [2025-04-11T16:50:43.127+0000] {dag.py:3239} INFO - Sync 1 DAGs
[2025-04-11T16:50:43.151+0000] {logging_mixin.py:190} INFO - [2025-04-11T16:50:43.151+0000] {dag.py:4180} INFO - Setting next_dagrun for extract_raw_data_pipeline to 2025-04-11 07:59:00+00:00, run_after=2025-04-12 07:00:00+00:00
[2025-04-11T16:50:43.169+0000] {processor.py:208} INFO - Processing /opt/airflow/dags/driven_data_pipline.py took 0.223 seconds
[2025-04-11T16:51:13.214+0000] {processor.py:186} INFO - Started process (PID=252) to work on /opt/airflow/dags/driven_data_pipline.py
[2025-04-11T16:51:13.215+0000] {processor.py:914} INFO - Processing file /opt/airflow/dags/driven_data_pipline.py for tasks to queue
[2025-04-11T16:51:13.217+0000] {logging_mixin.py:190} INFO - [2025-04-11T16:51:13.217+0000] {dagbag.py:588} INFO - Filling up the DagBag from /opt/airflow/dags/driven_data_pipline.py
[2025-04-11T16:51:13.359+0000] {processor.py:925} INFO - DAG(s) 'extract_raw_data_pipeline' retrieved from /opt/airflow/dags/driven_data_pipline.py
[2025-04-11T16:51:13.391+0000] {logging_mixin.py:190} INFO - [2025-04-11T16:51:13.391+0000] {dag.py:3239} INFO - Sync 1 DAGs
[2025-04-11T16:51:13.437+0000] {logging_mixin.py:190} INFO - [2025-04-11T16:51:13.437+0000] {dag.py:4180} INFO - Setting next_dagrun for extract_raw_data_pipeline to 2025-04-11 07:59:00+00:00, run_after=2025-04-12 07:00:00+00:00
[2025-04-11T16:51:13.473+0000] {processor.py:208} INFO - Processing /opt/airflow/dags/driven_data_pipline.py took 0.265 seconds
[2025-04-11T16:51:43.657+0000] {processor.py:186} INFO - Started process (PID=260) to work on /opt/airflow/dags/driven_data_pipline.py
[2025-04-11T16:51:43.658+0000] {processor.py:914} INFO - Processing file /opt/airflow/dags/driven_data_pipline.py for tasks to queue
[2025-04-11T16:51:43.660+0000] {logging_mixin.py:190} INFO - [2025-04-11T16:51:43.659+0000] {dagbag.py:588} INFO - Filling up the DagBag from /opt/airflow/dags/driven_data_pipline.py
[2025-04-11T16:51:43.784+0000] {processor.py:925} INFO - DAG(s) 'extract_raw_data_pipeline' retrieved from /opt/airflow/dags/driven_data_pipline.py
[2025-04-11T16:51:43.806+0000] {logging_mixin.py:190} INFO - [2025-04-11T16:51:43.806+0000] {dag.py:3239} INFO - Sync 1 DAGs
[2025-04-11T16:51:43.830+0000] {logging_mixin.py:190} INFO - [2025-04-11T16:51:43.830+0000] {dag.py:4180} INFO - Setting next_dagrun for extract_raw_data_pipeline to 2025-04-11 07:59:00+00:00, run_after=2025-04-12 07:00:00+00:00
[2025-04-11T16:51:43.846+0000] {processor.py:208} INFO - Processing /opt/airflow/dags/driven_data_pipline.py took 0.196 seconds
[2025-04-11T16:52:13.947+0000] {processor.py:186} INFO - Started process (PID=268) to work on /opt/airflow/dags/driven_data_pipline.py
[2025-04-11T16:52:13.948+0000] {processor.py:914} INFO - Processing file /opt/airflow/dags/driven_data_pipline.py for tasks to queue
[2025-04-11T16:52:13.950+0000] {logging_mixin.py:190} INFO - [2025-04-11T16:52:13.950+0000] {dagbag.py:588} INFO - Filling up the DagBag from /opt/airflow/dags/driven_data_pipline.py
[2025-04-11T16:52:14.086+0000] {processor.py:925} INFO - DAG(s) 'extract_raw_data_pipeline' retrieved from /opt/airflow/dags/driven_data_pipline.py
[2025-04-11T16:52:14.108+0000] {logging_mixin.py:190} INFO - [2025-04-11T16:52:14.108+0000] {dag.py:3239} INFO - Sync 1 DAGs
[2025-04-11T16:52:14.139+0000] {logging_mixin.py:190} INFO - [2025-04-11T16:52:14.138+0000] {dag.py:4180} INFO - Setting next_dagrun for extract_raw_data_pipeline to 2025-04-11 07:59:00+00:00, run_after=2025-04-12 07:00:00+00:00
[2025-04-11T16:52:14.160+0000] {processor.py:208} INFO - Processing /opt/airflow/dags/driven_data_pipline.py took 0.219 seconds
[2025-04-11T16:52:44.292+0000] {processor.py:186} INFO - Started process (PID=276) to work on /opt/airflow/dags/driven_data_pipline.py
[2025-04-11T16:52:44.293+0000] {processor.py:914} INFO - Processing file /opt/airflow/dags/driven_data_pipline.py for tasks to queue
[2025-04-11T16:52:44.295+0000] {logging_mixin.py:190} INFO - [2025-04-11T16:52:44.295+0000] {dagbag.py:588} INFO - Filling up the DagBag from /opt/airflow/dags/driven_data_pipline.py
[2025-04-11T16:52:44.441+0000] {processor.py:925} INFO - DAG(s) 'extract_raw_data_pipeline' retrieved from /opt/airflow/dags/driven_data_pipline.py
[2025-04-11T16:52:44.468+0000] {logging_mixin.py:190} INFO - [2025-04-11T16:52:44.468+0000] {dag.py:3239} INFO - Sync 1 DAGs
[2025-04-11T16:52:44.487+0000] {logging_mixin.py:190} INFO - [2025-04-11T16:52:44.486+0000] {dag.py:4180} INFO - Setting next_dagrun for extract_raw_data_pipeline to 2025-04-11 07:59:00+00:00, run_after=2025-04-12 07:00:00+00:00
[2025-04-11T16:52:44.507+0000] {processor.py:208} INFO - Processing /opt/airflow/dags/driven_data_pipline.py took 0.221 seconds
[2025-04-11T16:53:14.622+0000] {processor.py:186} INFO - Started process (PID=284) to work on /opt/airflow/dags/driven_data_pipline.py
[2025-04-11T16:53:14.623+0000] {processor.py:914} INFO - Processing file /opt/airflow/dags/driven_data_pipline.py for tasks to queue
[2025-04-11T16:53:14.625+0000] {logging_mixin.py:190} INFO - [2025-04-11T16:53:14.625+0000] {dagbag.py:588} INFO - Filling up the DagBag from /opt/airflow/dags/driven_data_pipline.py
[2025-04-11T16:53:14.756+0000] {processor.py:925} INFO - DAG(s) 'extract_raw_data_pipeline' retrieved from /opt/airflow/dags/driven_data_pipline.py
[2025-04-11T16:53:14.781+0000] {logging_mixin.py:190} INFO - [2025-04-11T16:53:14.781+0000] {dag.py:3239} INFO - Sync 1 DAGs
[2025-04-11T16:53:14.805+0000] {logging_mixin.py:190} INFO - [2025-04-11T16:53:14.805+0000] {dag.py:4180} INFO - Setting next_dagrun for extract_raw_data_pipeline to 2025-04-11 07:59:00+00:00, run_after=2025-04-12 07:00:00+00:00
[2025-04-11T16:53:14.823+0000] {processor.py:208} INFO - Processing /opt/airflow/dags/driven_data_pipline.py took 0.207 seconds
[2025-04-11T16:53:45.009+0000] {processor.py:186} INFO - Started process (PID=292) to work on /opt/airflow/dags/driven_data_pipline.py
[2025-04-11T16:53:45.010+0000] {processor.py:914} INFO - Processing file /opt/airflow/dags/driven_data_pipline.py for tasks to queue
[2025-04-11T16:53:45.012+0000] {logging_mixin.py:190} INFO - [2025-04-11T16:53:45.012+0000] {dagbag.py:588} INFO - Filling up the DagBag from /opt/airflow/dags/driven_data_pipline.py
[2025-04-11T16:53:45.138+0000] {processor.py:925} INFO - DAG(s) 'extract_raw_data_pipeline' retrieved from /opt/airflow/dags/driven_data_pipline.py
[2025-04-11T16:53:45.159+0000] {logging_mixin.py:190} INFO - [2025-04-11T16:53:45.158+0000] {dag.py:3239} INFO - Sync 1 DAGs
[2025-04-11T16:53:45.177+0000] {logging_mixin.py:190} INFO - [2025-04-11T16:53:45.177+0000] {dag.py:4180} INFO - Setting next_dagrun for extract_raw_data_pipeline to 2025-04-11 07:59:00+00:00, run_after=2025-04-12 07:00:00+00:00
[2025-04-11T16:53:45.197+0000] {processor.py:208} INFO - Processing /opt/airflow/dags/driven_data_pipline.py took 0.194 seconds
[2025-04-11T16:54:15.274+0000] {processor.py:186} INFO - Started process (PID=300) to work on /opt/airflow/dags/driven_data_pipline.py
[2025-04-11T16:54:15.275+0000] {processor.py:914} INFO - Processing file /opt/airflow/dags/driven_data_pipline.py for tasks to queue
[2025-04-11T16:54:15.277+0000] {logging_mixin.py:190} INFO - [2025-04-11T16:54:15.277+0000] {dagbag.py:588} INFO - Filling up the DagBag from /opt/airflow/dags/driven_data_pipline.py
[2025-04-11T16:54:15.403+0000] {processor.py:925} INFO - DAG(s) 'extract_raw_data_pipeline' retrieved from /opt/airflow/dags/driven_data_pipline.py
[2025-04-11T16:54:15.425+0000] {logging_mixin.py:190} INFO - [2025-04-11T16:54:15.424+0000] {dag.py:3239} INFO - Sync 1 DAGs
[2025-04-11T16:54:15.445+0000] {logging_mixin.py:190} INFO - [2025-04-11T16:54:15.445+0000] {dag.py:4180} INFO - Setting next_dagrun for extract_raw_data_pipeline to 2025-04-11 07:59:00+00:00, run_after=2025-04-12 07:00:00+00:00
[2025-04-11T16:54:15.461+0000] {processor.py:208} INFO - Processing /opt/airflow/dags/driven_data_pipline.py took 0.192 seconds
[2025-04-11T17:04:20.429+0000] {processor.py:186} INFO - Started process (PID=48) to work on /opt/airflow/dags/driven_data_pipline.py
[2025-04-11T17:04:20.430+0000] {processor.py:914} INFO - Processing file /opt/airflow/dags/driven_data_pipline.py for tasks to queue
[2025-04-11T17:04:20.434+0000] {logging_mixin.py:190} INFO - [2025-04-11T17:04:20.433+0000] {dagbag.py:588} INFO - Filling up the DagBag from /opt/airflow/dags/driven_data_pipline.py
[2025-04-11T17:04:21.111+0000] {processor.py:925} INFO - DAG(s) 'extract_raw_data_pipeline' retrieved from /opt/airflow/dags/driven_data_pipline.py
[2025-04-11T17:04:21.145+0000] {logging_mixin.py:190} INFO - [2025-04-11T17:04:21.145+0000] {dag.py:3239} INFO - Sync 1 DAGs
[2025-04-11T17:04:21.177+0000] {logging_mixin.py:190} INFO - [2025-04-11T17:04:21.176+0000] {dag.py:4180} INFO - Setting next_dagrun for extract_raw_data_pipeline to 2025-04-11 07:59:00+00:00, run_after=2025-04-12 07:00:00+00:00
[2025-04-11T17:04:21.217+0000] {processor.py:208} INFO - Processing /opt/airflow/dags/driven_data_pipline.py took 0.797 seconds
[2025-04-11T17:04:51.433+0000] {processor.py:186} INFO - Started process (PID=56) to work on /opt/airflow/dags/driven_data_pipline.py
[2025-04-11T17:04:51.434+0000] {processor.py:914} INFO - Processing file /opt/airflow/dags/driven_data_pipline.py for tasks to queue
[2025-04-11T17:04:51.436+0000] {logging_mixin.py:190} INFO - [2025-04-11T17:04:51.435+0000] {dagbag.py:588} INFO - Filling up the DagBag from /opt/airflow/dags/driven_data_pipline.py
[2025-04-11T17:04:51.714+0000] {processor.py:925} INFO - DAG(s) 'extract_raw_data_pipeline' retrieved from /opt/airflow/dags/driven_data_pipline.py
[2025-04-11T17:04:51.737+0000] {logging_mixin.py:190} INFO - [2025-04-11T17:04:51.737+0000] {dag.py:3239} INFO - Sync 1 DAGs
[2025-04-11T17:04:51.756+0000] {logging_mixin.py:190} INFO - [2025-04-11T17:04:51.756+0000] {dag.py:4180} INFO - Setting next_dagrun for extract_raw_data_pipeline to 2025-04-11 07:59:00+00:00, run_after=2025-04-12 07:00:00+00:00
[2025-04-11T17:04:51.772+0000] {processor.py:208} INFO - Processing /opt/airflow/dags/driven_data_pipline.py took 0.344 seconds
[2025-04-11T17:05:21.919+0000] {processor.py:186} INFO - Started process (PID=64) to work on /opt/airflow/dags/driven_data_pipline.py
[2025-04-11T17:05:21.920+0000] {processor.py:914} INFO - Processing file /opt/airflow/dags/driven_data_pipline.py for tasks to queue
[2025-04-11T17:05:21.921+0000] {logging_mixin.py:190} INFO - [2025-04-11T17:05:21.921+0000] {dagbag.py:588} INFO - Filling up the DagBag from /opt/airflow/dags/driven_data_pipline.py
[2025-04-11T17:05:22.171+0000] {processor.py:925} INFO - DAG(s) 'extract_raw_data_pipeline' retrieved from /opt/airflow/dags/driven_data_pipline.py
[2025-04-11T17:05:22.189+0000] {logging_mixin.py:190} INFO - [2025-04-11T17:05:22.189+0000] {dag.py:3239} INFO - Sync 1 DAGs
[2025-04-11T17:05:22.207+0000] {logging_mixin.py:190} INFO - [2025-04-11T17:05:22.206+0000] {dag.py:4180} INFO - Setting next_dagrun for extract_raw_data_pipeline to 2025-04-11 07:59:00+00:00, run_after=2025-04-12 07:00:00+00:00
[2025-04-11T17:05:22.224+0000] {processor.py:208} INFO - Processing /opt/airflow/dags/driven_data_pipline.py took 0.309 seconds
[2025-04-11T17:05:52.455+0000] {processor.py:186} INFO - Started process (PID=72) to work on /opt/airflow/dags/driven_data_pipline.py
[2025-04-11T17:05:52.456+0000] {processor.py:914} INFO - Processing file /opt/airflow/dags/driven_data_pipline.py for tasks to queue
[2025-04-11T17:05:52.459+0000] {logging_mixin.py:190} INFO - [2025-04-11T17:05:52.459+0000] {dagbag.py:588} INFO - Filling up the DagBag from /opt/airflow/dags/driven_data_pipline.py
[2025-04-11T17:05:52.844+0000] {processor.py:925} INFO - DAG(s) 'extract_raw_data_pipeline' retrieved from /opt/airflow/dags/driven_data_pipline.py
[2025-04-11T17:05:52.866+0000] {logging_mixin.py:190} INFO - [2025-04-11T17:05:52.866+0000] {dag.py:3239} INFO - Sync 1 DAGs
[2025-04-11T17:05:52.886+0000] {logging_mixin.py:190} INFO - [2025-04-11T17:05:52.886+0000] {dag.py:4180} INFO - Setting next_dagrun for extract_raw_data_pipeline to 2025-04-11 07:59:00+00:00, run_after=2025-04-12 07:00:00+00:00
[2025-04-11T17:05:52.911+0000] {processor.py:208} INFO - Processing /opt/airflow/dags/driven_data_pipline.py took 0.465 seconds
[2025-04-11T17:06:23.127+0000] {processor.py:186} INFO - Started process (PID=80) to work on /opt/airflow/dags/driven_data_pipline.py
[2025-04-11T17:06:23.128+0000] {processor.py:914} INFO - Processing file /opt/airflow/dags/driven_data_pipline.py for tasks to queue
[2025-04-11T17:06:23.130+0000] {logging_mixin.py:190} INFO - [2025-04-11T17:06:23.130+0000] {dagbag.py:588} INFO - Filling up the DagBag from /opt/airflow/dags/driven_data_pipline.py
[2025-04-11T17:06:23.367+0000] {processor.py:925} INFO - DAG(s) 'extract_raw_data_pipeline' retrieved from /opt/airflow/dags/driven_data_pipline.py
[2025-04-11T17:06:23.386+0000] {logging_mixin.py:190} INFO - [2025-04-11T17:06:23.386+0000] {dag.py:3239} INFO - Sync 1 DAGs
[2025-04-11T17:06:23.402+0000] {logging_mixin.py:190} INFO - [2025-04-11T17:06:23.401+0000] {dag.py:4180} INFO - Setting next_dagrun for extract_raw_data_pipeline to 2025-04-11 07:59:00+00:00, run_after=2025-04-12 07:00:00+00:00
[2025-04-11T17:06:23.419+0000] {processor.py:208} INFO - Processing /opt/airflow/dags/driven_data_pipline.py took 0.297 seconds
